{"('NE', False, True, False, True, False, True, False, True)": {"N": 0.05665645837500005, "S": 0.0, "E": 0.018268275000000056, "W": 0.0, "NE": 17.097086505900354, "NW": 0.0, "SE": 0.0, "SW": 0.0}, "('NE', False, False, True, False, False, False, True, True)": {"N": 4.030698977042091, "S": -0.18664325196926354, "E": 0.0, "W": 1.6495613418902146, "NE": 16.720621968960927, "NW": 0.0, "SE": 0.0, "SW": 0.0}, "('NE', True, True, True, False, False, False, False, False)": {"N": 0.0, "S": 0.0, "E": 0.0, "W": -0.6086550825, "NE": 16.994276196428626, "NW": 3.8013629232449198, "SE": -0.051000000000000004, "SW": -0.6}, "('NE', True, True, True, True, False, False, True, False)": {"N": 0.0, "S": 0.0, "E": 0.0, "W": 0.0, "NE": 17.039528095792274, "NW": -0.6, "SE": 0.0, "SW": -0.8051963572117968}, "('NE', False, True, False, True, False, False, False, False)": {"N": 16.833927747265754, "S": 0.0, "E": -0.14725425, "W": 0.0, "NE": 4.862230645312949, "NW": 0.4640077229305578, "SE": 7.206552940285048, "SW": -0.6}, "('NE', True, False, False, False, False, False, True, False)": {"N": 0.0, "S": 1.5986914958472704, "E": -0.3, "W": -1.0347, "NE": 16.689413992884813, "NW": 4.535517485949157, "SE": 0.0, "SW": -0.6}, "('NE', False, False, False, False, True, True, False, True)": {"N": -0.03404999999999997, "S": 2.0325383747688357, "E": 16.94676409963946, "W": -0.6, "NE": 0.0, "NW": 0.0, "SE": 0.04695, "SW": 0.0}, "('NE', False, False, True, True, True, False, False, False)": {"N": 0.53595, "S": -0.6, "E": 0.0, "W": 0.0, "NE": 0.0, "NW": -0.03, "SE": -0.6, "SW": -0.03}, "('NE', False, True, False, False, False, False, False, True)": {"N": 0.0, "S": 0.0, "E": 0.22791075000000005, "W": 0.0, "NE": 0.0, "NW": 0.0, "SE": 0.0, "SW": 0.0}, "('NE', False, True, False, False, False, False, False, False)": {"N": -0.03404999999999997, "S": 0.0, "E": -0.07550791124999989, "W": -0.03, "NE": 0.27, "NW": 0.0, "SE": -0.6, "SW": -0.24338925}, "('E', True, False, False, False, True, True, False, False)": {"N": 0.0, "S": -0.52305, "E": 0.79791075, "W": 0.06888075, "NE": 0.0, "NW": 0.0, "SE": 0.041745750000000026, "SW": 0.0}, "('E', True, False, False, False, True, True, True, False)": {"N": 0.0, "S": 0.0, "E": 0.79791075, "W": -0.6, "NE": 0.0, "NW": 0.0, "SE": 0.0, "SW": -0.6}, "('NE', False, False, False, True, True, True, False, False)": {"N": -0.3, "S": -0.621, "E": 15.960326195022828, "W": 0.0, "NE": 0.0, "NW": 0.0, "SE": -0.6582351, "SW": 2.8195661715446576}, "('NE', False, True, False, False, False, True, True, False)": {"N": -0.3, "S": 0.0, "E": -0.14725425, "W": -1.02, "NE": 1.758771242806882, "NW": 0.0, "SE": 0.0, "SW": -0.6}, "('N', True, False, False, False, True, False, False, False)": {"N": 0.0, "S": -0.396135, "E": -0.03, "W": 6.9884644152112045, "NE": 0.0, "NW": 16.96638084543712, "SE": 2.5682169877104255, "SW": 0.0}, "('NE', False, False, True, True, True, False, False, True)": {"N": 17.027048352987983, "S": 2.219682110585777, "E": 0.0, "W": 0.0, "NE": 0.0, "NW": -0.6, "SE": -0.8506634024999999, "SW": 0.0}, "('N', False, True, False, False, False, False, False, True)": {"N": -0.3, "S": 0.0, "E": 0.0, "W": -1.314, "NE": 1.05594208875, "NW": -0.28259543625, "SE": -0.03, "SW": 0.0}, "('NW', False, True, False, True, True, False, True, False)": {"N": 0.22791075000000005, "S": 0.0, "E": 0.0, "W": 0.0, "NE": 0.0, "NW": -0.3, "SE": 0.0, "SW": 0.0}, "('NE', False, False, False, False, True, False, True, False)": {"N": 0.0, "S": -0.6, "E": 17.0524998935485, "W": 0.18959766663523814, "NE": 0.0, "NW": 1.4847476985592305, "SE": 0.0, "SW": -0.03}, "('NE', False, False, False, True, False, True, False, True)": {"N": 0.5941635000000001, "S": -0.6, "E": -0.47281949999999995, "W": 0.0, "NE": -0.323835, "NW": 0.0, "SE": -0.52305, "SW": 0.0}, "('NE', False, False, True, False, False, False, False, False)": {"N": -0.3, "S": -0.6, "E": 0.0, "W": -0.6, "NE": -0.03404999999999997, "NW": -0.051000000000000004, "SE": -0.6, "SW": -0.051000000000000004}, "('NE', True, False, False, False, False, True, True, False)": {"N": 0.0, "S": -0.6, "E": -0.3, "W": -0.6, "NE": 0.47171365556812506, "NW": 0.0, "SE": 0.0, "SW": -0.6}, "('NE', True, False, False, True, True, False, True, False)": {"N": 0.0, "S": -0.06570000000000001, "E": -0.3, "W": 0.0, "NE": 0.0, "NW": -0.06570000000000001, "SE": 0.0, "SW": -0.621}, "('NE', False, True, True, False, False, True, False, False)": {"N": -0.3, "S": 0.0, "E": 0.0, "W": -0.6, "NE": 0.5124725250000001, "NW": 0.0, "SE": -0.621, "SW": -0.52305}, "('NE', False, True, True, True, False, False, False, True)": {"N": -0.3, "S": 0.0, "E": 0.0, "W": 0.0, "NE": 0.27, "NW": -0.621, "SE": -0.6, "SW": 0.0}, "('NE', True, True, False, True, False, True, False, True)": {"N": 0.0, "S": 0.0, "E": 0.27, "W": 0.0, "NE": 0.0, "NW": 0.0, "SE": -0.6, "SW": 0.0}, "('NE', False, False, False, False, False, True, True, True)": {"N": 0.0, "S": -0.6, "E": 0.0, "W": 0.0, "NE": -0.03404999999999997, "NW": 0.0, "SE": 0.0, "SW": 0.0}, "('NE', True, False, False, False, False, False, False, False)": {"N": 0.0, "S": 0.04695, "E": -0.03404999999999997, "W": 0.0, "NE": 0.0, "NW": 0.0, "SE": 0.0, "SW": -0.6}, "('NE', False, False, False, False, False, True, False, False)": {"N": 0.79791075, "S": 0.04695, "E": 0.0, "W": 0.0, "NE": 0.0, "NW": 0.0, "SE": 0.0, "SW": 0.0}, "('E', True, False, False, True, True, True, False, False)": {"N": 0.0, "S": 0.0, "E": 0.53595, "W": 0.0, "NE": 0.0, "NW": 0.0, "SE": -0.3, "SW": -0.6}, "('NE', False, True, False, False, False, False, True, False)": {"N": 0.0, "S": 0.0, "E": 0.0, "W": 0.0, "NE": 0.27, "NW": -0.03, "SE": 0.0, "SW": 0.0}, "('NE', False, False, False, True, True, False, False, False)": {"N": -0.03404999999999997, "S": 0.0, "E": 0.0, "W": 0.0, "NE": 0.0, "NW": 0.0, "SE": 0.0, "SW": 0.0}, "('E', True, False, True, False, True, True, False, True)": {"N": 0.0, "S": 0.0, "E": 0.0, "W": -0.03, "NE": 0.0, "NW": 0.0, "SE": -0.3, "SW": 0.0}, "('E', True, True, False, True, True, True, False, True)": {"N": 0.0, "S": 0.0, "E": 0.0, "W": 0.0, "NE": 0.0, "NW": 0.0, "SE": -0.3, "SW": 0.0}, "('NE', True, True, False, False, False, True, False, False)": {"N": 0.0, "S": 0.0, "E": 1.5214255658852762, "W": -0.03, "NE": 0.0, "NW": 0.0, "SE": 0.0, "SW": -1.222426725}, "('NE', False, True, True, True, True, False, True, True)": {"N": 0.0, "S": 0.0, "E": 0.0, "W": 0.0, "NE": 0.0, "NW": -0.6, "SE": 0.0, "SW": 0.0}, "('NE', True, False, False, True, True, False, True, True)": {"N": 0.0, "S": -0.03, "E": -0.3, "W": 0.0, "NE": 0.0, "NW": -0.6, "SE": 0.0, "SW": 0.0}, "('NE', True, False, False, True, True, True, False, True)": {"N": 0.0, "S": 0.0, "E": 0.5941635000000001, "W": 0.0, "NE": 0.0, "NW": 0.0, "SE": -0.6, "SW": 0.0}, "('NE', False, False, False, True, True, False, False, True)": {"N": 1.0074231630574686, "S": 0.0, "E": -0.22305, "W": 0.0, "NE": 0.0, "NW": 0.0, "SE": 0.04695, "SW": 0.0}, "('NE', False, False, True, False, False, False, False, True)": {"N": 0.0, "S": 0.2571156014713785, "E": 0.0, "W": -0.52305, "NE": 2.0042663340822444, "NW": 0.0, "SE": 0.12274575, "SW": 0.0}, "('NW', True, False, False, False, False, True, True, False)": {"N": 0.0, "S": 0.0, "E": 0.0, "W": 1.05594208875, "NE": 0.0, "NW": 0.0, "SE": 0.0, "SW": -0.6}, "('NE', False, True, True, True, False, True, True, True)": {"N": -0.3, "S": 0.0, "E": 0.0, "W": 0.0, "NE": -0.03404999999999997, "NW": 0.0, "SE": 0.0, "SW": 0.0}, "('NE', False, False, False, False, False, True, False, True)": {"N": -0.03404999999999997, "S": 0.0, "E": 0.0, "W": 0.0, "NE": 0.0, "NW": 0.0, "SE": 0.0, "SW": 0.0}, "('NE', False, False, False, True, False, True, False, False)": {"N": -0.03404999999999997, "S": 0.0, "E": 0.0, "W": 0.0, "NE": 0.0, "NW": 0.0, "SE": 0.0, "SW": -0.6}, "('NE', False, False, False, False, False, False, False, False)": {"N": -0.03404999999999997, "S": 0.0, "E": 0.0, "W": 0.0, "NE": -0.03404999999999997, "NW": 0.0, "SE": 0.0, "SW": 0.0}, "('NE', True, False, False, False, True, False, False, False)": {"N": 0.0,