{"('NE', False, True, False, True, False, True, False, True)": {"N": 0.561485803636875, "S": 0.0, "E": 17.03639899469434, "W": 0.0, "NE": 5.386380624643352, "NW": 0.0, "SE": 5.1239838911192805, "SW": 0.0}, "('NE', False, False, False, True, False, True, False, True)": {"N": -0.35160063580874995, "S": -0.949842975, "E": -0.3, "W": 0.0, "NE": 1.3657359475606876, "NW": 0.0, "SE": -1.0347, "SW": 0.0}, "('NE', False, False, True, False, False, False, True, True)": {"N": -0.51, "S": -0.6, "E": 0.0, "W": 0.897342362814809, "NE": 17.947124806418014, "NW": 3.1137557996498897, "SE": 0.0, "SW": 0.0}, "('NE', True, True, True, False, False, False, False, False)": {"N": 0.0, "S": 0.0, "E": 0.0, "W": -0.051000000000000004, "NE": 16.979906897430556, "NW": -0.6, "SE": -0.051000000000000004, "SW": -0.6}, "('NE', False, False, False, False, True, False, True, False)": {"N": -0.03404999999999997, "S": -0.621, "E": -0.22305, "W": -0.6, "NE": 0.0, "NW": -0.051000000000000004, "SE": 0.0, "SW": -0.03}, "('NE', False, False, True, False, False, False, False, False)": {"N": -0.3, "S": -1.02, "E": 0.0, "W": -0.051000000000000004, "NE": -0.3, "NW": -0.6, "SE": -0.6, "SW": -0.6}, "('NE', True, True, True, True, False, False, True, False)": {"N": 0.0, "S": 0.0, "E": 0.0, "W": 0.0, "NE": 16.996326332387167, "NW": 0.9273131155145038, "SE": 0.0, "SW": 0.43113004579329595}, "('NE', False, True, True, False, False, True, False, False)": {"N": 0.27, "S": 0.0, "E": 0.0, "W": -0.6, "NE": -0.03404999999999997, "NW": 0.0, "SE": 0.0, "SW": -0.6}, "('NE', True, True, False, False, False, True, False, False)": {"N": 0.0, "S": 0.0, "E": 0.0, "W": -0.46825425, "NE": 1.0794804528385764, "NW": 0.0, "SE": 0.0, "SW": 0.30948574533126927}, "('NE', True, False, False, True, True, False, True, False)": {"N": 0.0, "S": -0.03, "E": 1.2704828080053567, "W": 0.0, "NE": 0.0, "NW": 0.03495456375000001, "SE": 0.0, "SW": -0.03}, "('NE', True, False, False, False, False, True, True, False)": {"N": 0.0, "S": -0.6, "E": -0.3, "W": -1.02, "NE": 1.0331636555681252, "NW": 0.0, "SE": 0.0, "SW": -0.03}, "('NE', True, False, False, True, True, True, False, True)": {"N": 0.0, "S": -1.3020299999999998, "E": -0.46863, "W": 0.0, "NE": 0.0, "NW": 0.0, "SE": -0.6, "SW": 0.0}, "('NE', False, False, True, True, True, False, False, False)": {"N": 1.8070446418616066, "S": 0.0, "E": 0.0, "W": 0.0, "NE": 0.0, "NW": 0.0, "SE": -0.03, "SW": -0.44725425}, "('NE', True, False, False, False, False, False, True, False)": {"N": 0.0, "S": 0.8850894573751309, "E": 1.6082300969293677, "W": 4.250763221251748, "NE": 16.965524834329326, "NW": 0.0, "SE": 0.0, "SW": 3.233375150799501}, "('NE', False, False, False, True, True, True, False, False)": {"N": 16.490995609726667, "S": 0.0, "E": 0.0, "W": 0.0, "NE": 0.0, "NW": 0.0, "SE": 0.0, "SW": 0.0}, "('NE', False, False, True, True, True, False, False, True)": {"N": 16.965524834329326, "S": 4.181850004669495, "E": 0.0, "W": 0.0, "NE": 0.0, "NW": 1.3217094330501196, "SE": -0.03, "SW": 0.0}, "('N', True, False, False, False, True, False, False, False)": {"N": 0.0, "S": 0.0, "E": 0.0, "W": 0.0, "NE": 0.0, "NW": 1.05594208875, "SE": -0.03, "SW": 0.0}, "('NW', False, False, True, False, False, False, False, True)": {"N": 1.31010295741875, "S": 0.0, "E": 0.0, "W": 0.0, "NE": 0.0, "NW": 0.0, "SE": 0.0, "SW": 0.0}, "('NW', True, False, False, False, False, True, True, False)": {"N": 0.0, "S": 0.0, "E": -0.03, "W": 1.05594208875, "NE": -0.03, "NW": 0.0, "SE": 0.0, "SW": 0.0}, "('NW', False, False, True, True, True, True, True, False)": {"N": 0.27, "S": 0.0, "E": 0.0, "W": 0.0, "NE": 0.0, "NW": 0.0, "SE": 0.0, "SW": 0.0}, "('NW', False, False, True, True, True, False, True, True)": {"N": 0.0, "S": 0.0, "E": 0.0, "W": 0.0, "NE": 0.0, "NW": -0.03404999999999997, "SE": 0.0, "SW": 0.0}, "('W', True, True, False, False, True, True, False, True)": {"N": 0.0, "S": 0.0, "E": -0.03, "W": 0.27, "NE": 0.0, "NW": 0.0, "SE": -0.6, "SW": 0.0}, "('W', True, False, True, False, True, True, True, True)": {"N": 0.0, "S": 0.0, "E": 0.0, "W": -0.3, "NE": 0.0, "NW": 0.0, "SE": 0.0, "SW": 0.0}, "('NE', False, True, True, True, True, False, True, True)": {"N": 0.53595, "S": 0.0, "E": 0.0, "W": 0.0, "NE": 0.0, "NW": -0.621, "SE": 0.0, "SW": 0.0}, "('NE', False, True, False, False, False, False, False, True)": {"N": -0.03404999999999997, "S": 0.0, "E": 0.0, "W": -0.03, "NE": 0.0, "NW": 0.0, "SE": 0.0, "SW": 0.0}, "('NE', False, False, False, False, False, True, False, False)": {"N": -0.03404999999999997, "S": 0.0, "E": -0.3, "W": -0.03, "NE": 0.0, "NW": 0.0, "SE": -0.6, "SW": -0.6}, "('NE', True, False, False, False, False, False, False, False)": {"N": 0.0, "S": -0.621, "E": 0.0, "W": -0.6, "NE": 0.27, "NW": -0.621, "SE": 0.0, "SW": -0.6}, "('E', True, False, True, False, True, True, False, True)": {"N": 0.0, "S": -1.0347, "E": 0.0, "W": -0.6357, "NE": 0.0, "NW": 0.0, "SE": -0.51, "SW": 0.0}, "('E', True, True, False, True, True, True, False, True)": {"N": 0.0, "S": 0.0, "E": -0.51, "W": 0.0, "NE": 0.0, "NW": 0.0, "SE": -0.657, "SW": 0.0}, "('NE', False, False, False, True, True, False, False, False)": {"N": -0.46863, "S": -0.6, "E": 0.06, "W": 0.0, "NE": 0.0, "NW": -1.02, "SE": -0.6, "SW": -0.6}, "('NE', False, True, False, False, False, False, True, False)": {"N": -0.3, "S": 0.0, "E": -0.3, "W": -0.03, "NE": -0.51, "NW": -0.03, "SE": 0.0, "SW": -0.6}, "('NE', False, False, False, False, False, True, True, True)": {"N": -0.3, "S": 0.0, "E": -0.3, "W": -0.03, "NE": 0.0, "NW": 0.0, "SE": 0.0, "SW": 0.0}, "('NE', True, True, False, True, False, True, False, True)": {"N": 0.0, "S": 0.0, "E": 0.0, "W": 0.0, "NE": -0.51, "NW": 0.0, "SE": -0.03, "SW": 0.0}, "('NE', False, True, True, True, False, False, False, True)": {"N": 0.0, "S": 0.0, "E": 0.0, "W": 0.0, "NE": -0.3, "NW": -0.6, "SE": -0.6, "SW": 0.0}, "('E', True, False, False, True, True, True, False, False)": {"N": 0.0, "S": 0.0, "E": 0.0, "W": 0.0, "NE": 0.0, "NW": 0.0, "SE": 0.53595, "SW": -0.6}, "('NE', False, False, False, False, False, False, True, False)": {"N": 0.0, "S": 0.0, "E": 0.53595, "W": 0.04695, "NE": 0.0, "NW": 0.0, "SE": 0.0, "SW": 0.0}, "('NE', False, True, False, False, False, False, False, False)": {"N": 0.0, "S": 0.0, "E": 0.0, "W": 0.0, "NE": 2.457111163515806, "NW": 0.0, "SE": 0.0, "SW": 0.0}, "('E', True, False, False, False, True, True, True, False)": {"N": 0.0, "S": 0.0, "E": 2.7569792587453934, "W": 0.04695, "NE": 0.0, "NW": 0.0, "SE": 0.0, "SW": -0.2266206571356563}, "('E', True, False, False, False, True, True, False, False)": {"N": 0.0, "S": 0.0, "E": 0.0, "W": 0.0, "NE": 0.0, "NW": 0.0, "SE": -0.03404999999999997, "SW": 0.0}, "('NE', True, False, False, True, True, False, True, True)": {"N": 0.0, "S": 0.0, "E": 0.22791075000000005, "W": 0.0, "NE": 0.0, "NW": 0.0, "SE": 0.0, "SW": 0.0}, "('NE', False, False, False, True, False, True, False, False)": {"N": -0.03404999999999997, "S": 0.0, "E": -0.03404999999999997, "W": 0.0, "NE": 0.0, "NW": 0.0, "SE": -0.621, "SW": -0.6}, "('NE', False, False, False, True, True, False, False, True)": {"N": 0.0, "S": 0.0, "E": 0.49449208875, "W": 0.0, "NE": 0.0, "NW": 0.0, "SE": -0.52305, "SW": 0.0}, "('NE', True, False, False, False, True, False, False, False)": {"N": 0.0, "S": -0.03, "E": -0.03404999999999997, "W": -0.6, "NE": 0.0, "NW": 0.0, "SE": 0.0, "SW": -0.03}, "('N', True, False, True, False, False, True, False, False)": {"N": 0.0, "S": -0.03, "E": 0.0, "W": 0.0, "NE": 0.75707470741875, "NW": 0.0, "SE": -0.6, "SW": -0.6}, "('N', False, False, False, False, True, False, True, False)": {"N": 0.53595, "S": -0.6, "E": -0.6, "W": 0.0, "NE": 0.0, "NW": 0.0, "SE": 0.0, "SW": -0.03}, "('NE', False, False, False, False, False, False, False, False)": {"N": -0.51, "S": -0.62955, "E": 0.5029138387500001, "W": -0.62955, "NE": -0.3, "NW": -0.6, "SE": -0.6, "SW": -0.62955}, "('N', False, False, True, False, False, False, True, False)": {"N": 0.0, "S": 0.0, "E": 0.0, "W": 0.0, "NE": 0.79791075, "NW": -0.03404999999999997,