{"('NE', False, True, False, True, False, True, False, True)": {"N": 16.76824795714984, "S": 0.0, "E": 7.334024819635461, "W": 0.0, "NE": 4.4687625958972745, "NW": 0.0, "SE": 5.071541967856916, "SW": 0.0}, "('NE', False, False, False, True, False, True, False, True)": {"N": 8.430351620670057, "S": 9.477789856741884, "E": 11.847444341545161, "W": 0.0, "NE": 17.64626012392175, "NW": 0.0, "SE": 12.06490125152473, "SW": 0.0}, "('NE', False, False, False, False, True, False, True, False)": {"N": 3.34788171610472, "S": 1.3519434545926936, "E": 1.2496577086689602, "W": 0.09048253874999998, "NE": 0.0, "NW": -0.03, "SE": 0.0, "SW": 1.688800509491466}, "('NE', False, False, True, False, False, False, True, True)": {"N": 12.990265959692678, "S": 3.8934271924675428, "E": 0.0, "W": 8.80976943288369, "NE": 17.80081732276658, "NW": 12.017048576066154, "SE": 0.0, "SW": 0.0}, "('NE', False, False, True, False, False, False, False, False)": {"N": 17.397897035811635, "S": 1.5690972780618986, "E": 0.0, "W": 6.265082088715685, "NE": 6.909775073624294, "NW": 6.228773531329257, "SE": 11.769672495673392, "SW": 5.409607798080572}, "('NE', False, True, True, True, True, False, True, True)": {"N": 0.5593940317875, "S": 0.0, "E": 0.0, "W": 0.0, "NE": 0.0, "NW": -0.6, "SE": 0.0, "SW": 0.0}, "('NE', True, False, False, False, False, True, True, False)": {"N": 0.0, "S": 10.155353389323128, "E": 17.536438945346816, "W": 11.973869588085314, "NE": 8.776376798246886, "NW": 0.0, "SE": 0.0, "SW": 11.122447867987832}, "('NE', True, False, False, True, True, True, False, True)": {"N": 0.0, "S": -0.128824005, "E": -0.8376527835, "W": 0.0, "NE": 0.0, "NW": 0.0, "SE": -1.6638600000000001, "SW": 0.0}, "('NE', False, True, True, False, False, True, False, False)": {"N": 17.624896788722474, "S": 0.0, "E": 0.0, "W": 6.218332458166284, "NE": 10.491148971462549, "NW": 0.0, "SE": 10.474427217694453, "SW": 8.432073960074192}, "('NE', True, True, True, False, False, False, False, False)": {"N": 0.0, "S": 0.0, "E": 0.0, "W": -0.4738875436371527, "NE": 5.748417511581378, "NW": 0.9899943607925897, "SE": 0.17640456375, "SW": 0.15229939611117368}, "('NE', True, False, False, True, True, False, True, False)": {"N": 0.0, "S": 6.943356405241401, "E": 17.36876560511208, "W": 0.0, "NE": 0.0, "NW": 12.156192744937853, "SE": 0.0, "SW": 6.274182818508759}, "('NE', True, False, False, True, True, False, True, True)": {"N": 0.0, "S": -0.03, "E": -0.3, "W": 0.0, "NE": 0.0, "NW": -0.6, "SE": 0.0, "SW": 0.0}, "('NE', False, True, True, True, False, True, True, True)": {"N": 0.0, "S": 0.0, "E": 0.0, "W": 0.0, "NE": -0.03404999999999997, "NW": 0.0, "SE": 0.0, "SW": 0.0}, "('NE', True, True, False, False, False, True, False, False)": {"N": 0.0, "S": 0.0, "E": 8.745239527238388, "W": 7.766432153772696, "NE": 17.61742712988231, "NW": 0.0, "SE": 2.431993787606253, "SW": 7.132798648962424}, "('NE', False, True, True, True, False, False, False, True)": {"N": 0.0, "S": 0.0, "E": 0.0, "W": 0.0, "NE": 2.0499389722336825, "NW": 0.0, "SE": 0.0, "SW": 0.0}, "('NE', False, True, False, False, False, False, True, False)": {"N": 0.48576629161434376, "S": 0.0, "E": 1.5214255658852762, "W": 0.0, "NE": 0.0, "NW": -0.03, "SE": 0.0, "SW": 0.0}, "('NE', False, False, False, True, True, False, False, False)": {"N": -0.03404999999999997, "S": -0.03, "E": 0.0, "W": 0.0, "NE": 0.0, "NW": -0.6, "SE": -0.6, "SW": 0.0}, "('E', True, False, True, False, True, True, False, True)": {"N": 0.0, "S": -0.6, "E": 0.0, "W": -0.03, "NE": 0.0, "NW": 0.0, "SE": 0.27, "SW": 0.0}, "('NE', False, False, False, True, False, True, False, False)": {"N": 0.53595, "S": 0.0, "E": -0.14725425, "W": 0.0, "NE": 0.0, "NW": 0.0, "SE": 0.0, "SW": 0.0}, "('NE', False, False, False, True, True, False, False, True)": {"N": -0.09828634443187484, "S": 0.0, "E": -0.3, "W": 0.0, "NE": 0.0, "NW": 0.0, "SE": 0.0, "SW": 0.0}, "('E', True, True, False, True, True, True, False, True)": {"N": 0.0, "S": 0.0, "E": -0.3, "W": 0.0, "NE": 0.0, "NW": 0.0, "SE": -0.3, "SW": 0.0}, "('NE', False, False, True, False, False, False, False, True)": {"N": -0.03404999999999997, "S": -1.00661925, "E": 0.0, "W": -0.5866192499999999, "NE": -0.03404999999999997, "NW": -0.5754795, "SE": -0.5839979362500001, "SW": 0.0}, "('NE', True, False, False, False, False, False, False, False)": {"N": 0.0, "S": 0.0, "E": 1.0157185868074687, "W": -0.6, "NE": 0.0, "NW": 0.0, "SE": 0.0, "SW": 0.0}, "('NE', True, False, False, False, False, False, True, False)": {"N": 0.0, "S": 0.0, "E": 2.89748272185189, "W": 0.5156983993584717, "NE": 8.282202086530594, "NW": 2.38556003480656, "SE": 0.0, "SW": 0.5241372146539234}, "('NE', False, False, False, False, False, True, True, True)": {"N": 0.0, "S": 0.0, "E": 0.0, "W": -0.03, "NE": 0.0, "NW": 0.0, "SE": 0.0, "SW": 0.0}, "('NE', False, False, False, True, True, True, False, False)": {"N": 6.563756695103712, "S": 1.0182483733078045, "E": -0.36027889336481245, "W": 0.0, "NE": 0.0, "NW": 0.0, "SE": 0.6124957553934591, "SW": -0.14032967626752835}, "('NE', True, True, False, True, False, True, False, True)": {"N": 0.0, "S": 0.0, "E": 0.0, "W": 0.0, "NE": -0.3, "NW": 0.0, "SE": 0.0, "SW": 0.0}, "('NE', False, False, True, True, True, False, False, True)": {"N": 7.091748676635602, "S": 0.0067124989746225605, "E": 0.0, "W": 0.0, "NE": 0.0, "NW": 0.5850908933989135, "SE": -0.621, "SW": 0.0}, "('N', True, False, False, False, True, False, False, False)": {"N": 0.0, "S": -0.64599, "E": -0.653193, "W": -1.02, "NE": 0.0, "NW": 1.3657359475606876, "SE": -0.64599, "SW": -1.50650457}, "('NW', True, False, False, False, False, True, True, False)": {"N": 0.0, "S": -0.9149999999999999, "E": -0.345, "W": -0.51, "NE": -0.64599, "NW": 0.0, "SE": 0.0, "SW": -0.6}, "('NW', False, False, True, False, False, False, False, True)": {"N": -0.03404999999999997, "S": -0.621, "E": 0.0, "W": 0.27, "NE": -0.03, "NW": -0.526185, "SE": 0.011249999999999996, "SW": 0.0}, "('NE', False, True, False, False, False, False, False, True)": {"N": 1.4578529785105814, "S": 0.0, "E": 0.0, "W": 0.0, "NE": 4.985788298785919, "NW": 1.2881604525898203, "SE": 0.10849349529375, "SW": 0.0}, "('NW', True, True, True, False, True, False, True, True)": {"N": 0.0, "S": 0.0, "E": 0.0, "W": -0.5266845, "NE": 0.0, "NW": -0.51, "SE": 0.0, "SW": 0.0}, "('NE', False, False, False, False, False, True, False, False)": {"N": -0.3, "S": -0.047758972875, "E": 0.774785437125, "W": -0.03, "NE": -0.3, "NW": 0.0, "SE": -0.6097985553749999, "SW": -0.03}, "('NE', False, False, False, False, False, False, True, False)": {"N": 4.677658598849805, "S": -0.41762797499999993, "E": -0.09828634443187484, "W": 0.2287516418369157, "NE": 0.280813849580625, "NW": -0.039798555375, "SE": 0.0, "SW": -0.2211281051327586}, "('NW', False, True, True, False, True, True, True, False)": {"N": -0.08699999999999997, "S": 0.0, "E": 0.0, "W": -0.657, "NE": 0.0, "NW": 0.0, "SE": 0.0, "SW": -0.6}, "('NE', False, True, False, False, False, False, False, False)": {"N": 3.0237423907462975, "S": 0.0, "E": 5.6653701466263335, "W": -1.2958645395318749, "NE": 17.56649502331599, "NW": 0.3560445913832626, "SE": 6.9522413479921275, "SW": 9.408815556527596}, "('N', False, True, False, False, False, False, False, True)": {"N": -0.323835, "S": 0.0, "E": -0.051000000000000004, "W": -0.621, "NE": -0.51, "NW": -0.55263, "SE": -0.06570000000000001, "SW": 0.0}, "('NE', False, True, False, False, False, True, True, False)": {"N": -0.45613499999999996, "S": 0.0, "E": -0.39711314025, "W": -1.02, "NE": 0.9796847952582027, "NW": 0.0, "SE": 0.0, "SW": -0.64599}, "('NW', False, True, False, True, True, False, True, False)": {"N": 0.06, "S": 0.0, "E": -0.4647, "W": 0.0, "NE": 0.0, "NW": -0.3, "SE": 0.0, "SW": -0.64599}, "('NE', True, True, True, True, False, False, True, False)": {"N": 0.0, "S": 0.0, "E": 0.0, "W": 0.0, "NE": 7.570104674401709, "NW": 0.12274575, "SE": 0.0, "SW": 1.3647224990988223}, "('NE', False, True, False, True, False, False, False, False)": {"N": -0.03404999999999997, "S": 0.0,