{"NE": {"N": 19.99753506871926, "S": 17.99884568625645, "E": 19.99999999999988, "W": 17.98148445019942, "NE": 19.99999999999988, "NW": 17.96232326643004, "SE": 17.991542555616427, "SW": 17.99932458284291}, "E": {"N": 0.0, "S": 91.98039947242998, "E": 129.84616900126255, "W": 38.28494150291893, "NE": 0.0, "NW": 0.0, "SE": 38.128495373320646, "SW": 22.587771532469176}, "N": {"N": 24.101121614404125, "S": 20.307369608659712, "E": 0.0, "W": 23.803095860788844, "NE": 0.0, "NW": 18.455611364595914, "SE": 0.0, "SW": 22.008175909875078}}