{"(0.0, 0.0, 0.0, 0.0, 0.0, 1.0, 0.0, 0.0, 0.0, 0.0, 1.0, 0.0, 0.0, 0.0, 1.0, 1.0, 1.0)": {"N": 63.23122712599333, "E": 62.44367532979163, "W": 58.780781230504374, "NE": 65.11066668679643}, "(0.0, 0.0, 0.0, 0.0, 0.0, 1.0, 0.0, 0.0, 0.0, 1.0, 1.0, 0.0, 1.0, 0.0, 1.0, 1.0, 1.0)": {"E": 30.66987784337765, "NE": 62.352165737505906}, "(0.0, 0.0, 0.0, 0.0, 0.0, 1.0, 0.0, 0.0, 0.0, 0.0, 0.0, 0.0, 1.0, 0.0, 1.0, 0.0, 0.0)": {"N": 17.653775386152184, "S": 46.23815926915957, "E": 65.56084328154489, "NE": 44.880122076180065, "SE": 30.924612933046184, "SW": 40.78186624345284}, "(0.0, 0.0, 0.0, 0.0, 0.0, 1.0, 0.0, 0.0, 0.0, 0.0, 0.0, 0.0, 1.0, 0.0, 0.0, 0.0, 1.0)": {"N": 1.1221399735761357, "S": -1.0516349999999999, "E": 15.532273980493512, "NE": -0.010789725000000028, "NW": 0.21118366343625, "SE": 63.26459945931264}, "(0.0, 0.0, 0.0, 0.0, 0.0, 1.0, 0.0, 0.0, 0.0, 0.0, 0.0, 0.0, 0.0, 1.0, 0.0, 0.0, 0.0)": {"N": 60.546813575870566, "S": 59.36305282120589, "E": 68.94840127124833, "W": 60.37039253894009, "NW": 59.28814589440002, "SE": 61.42803823990332, "SW": 61.792274082458334}, "(0.0, 0.0, 0.0, 0.0, 0.0, 1.0, 0.0, 0.0, 0.0, 0.0, 1.0, 0.0, 0.0, 0.0, 0.0, 1.0, 1.0)": {"N": 61.84130440054062, "E": 56.12806696653745, "W": 48.58236641137153, "NE": 67.73758410481142, "NW": 62.149471378906966}, "(0.0, 0.0, 0.0, 0.0, 0.0, 1.0, 0.0, 0.0, 0.0, 0.0, 0.0, 1.0, 0.0, 0.0, 1.0, 0.0, 0.0)": {"N": 68.2322710889259, "S": 61.124331113995254, "W": 64.83431886677896, "NE": 73.98855856048836, "SE": 55.6653805793021, "SW": 56.74816414220558}, "(0.0, 0.0, 0.0, 0.0, 0.0, 1.0, 0.0, 0.0, 0.0, 0.0, 1.0, 0.0, 0.0, 1.0, 0.0, 1.0, 1.0)": {"N": 40.2832753910117, "E": 27.30583905668888, "W": 26.061939598881366, "NW": 66.9593793118315}, "(0.0, 0.0, 0.0, 0.0, 0.0, 1.0, 0.0, 0.0, 0.0, 1.0, 0.0, 0.0, 1.0, 0.0, 1.0, 1.0, 0.0)": {"S": 58.65382419022, "E": 62.186707927338574, "NE": 74.12192359334377, "SW": 64.28501863286499}, "(0.0, 0.0, 0.0, 0.0, 0.0, 1.0, 0.0, 0.0, 0.0, 1.0, 0.0, 0.0, 0.0, 0.0, 0.0, 0.0, 0.0)": {"S": 65.8104178129291, "E": 71.50453507414606, "W": 63.03286696852726, "NE": 60.55282927392159, "NW": 59.243300812351556, "SE": 63.39859568864967, "SW": 61.58315463012547}, "(0.0, 0.0, 0.0, 0.0, 0.0, 1.0, 0.0, 0.0, 0.0, 1.0, 1.0, 0.0, 0.0, 1.0, 0.0, 1.0, 1.0)": {"E": 1.1387204372726814, "W": 30.90833435440274, "NW": 64.42215043400304}, "(0.0, 0.0, 0.0, 0.0, 0.0, 1.0, 0.0, 0.0, 0.0, 0.0, 0.0, 1.0, 0.0, 1.0, 0.0, 0.0, 0.0)": {"N": 1.4550535908431668, "S": 63.836006424918494, "W": 13.795424424949603, "NW": 2.440052240198039, "SE": 0.6286957386378145, "SW": 17.618796208788048}, "(0.0, 0.0, 0.0, 0.0, 0.0, 1.0, 0.0, 0.0, 0.0, 0.0, 0.0, 1.0, 0.0, 1.0, 1.0, 1.0, 0.0)": {"N": 13.72482880719939, "S": -0.7342373328749999, "W": -0.5903849999999999, "SW": -0.396135}, "(0.0, 0.0, 0.0, 0.0, 0.0, 1.0, 0.0, 0.0, 0.0, 1.0, 0.0, 0.0, 0.0, 0.0, 0.0, 0.0, 1.0)": {"S": -0.6627308325308013, "E": -0.34114970457993476, "W": -0.5903849999999999, "NE": 10.19211312350189, "NW": -0.7387963235193751, "SE": 45.26430313225322}, "(0.0, 0.0, 0.0, 0.0, 0.0, 1.0, 0.0, 0.0, 0.0, 0.0, 1.0, 0.0, 0.0, 1.0, 1.0, 0.0, 0.0)": {"N": 0.82573382265, "E": -0.3, "W": 0.0, "SE": 0.0, "SW": -0.03}, "(0.0, 0.0, 0.0, 0.0, 0.0, 1.0, 0.0, 0.0, 0.0, 0.0, 1.0, 1.0, 1.0, 0.0, 1.0, 1.0, 1.0)": {"N": 0.0, "NE": -0.3}, "(0.0, 0.0, 0.0, 0.0, 0.0, 1.0, 0.0, 0.0, 0.0, 0.0, 0.0, 1.0, 1.0, 1.0, 0.0, 0.0, 0.0)": {"N": 0.45515579870625006, "S": -0.6, "NW": 0.0, "SE": 0.1263847729288543, "SW": 0.0}, "(0.0, 0.0, 0.0, 0.0, 0.0, 1.0, 0.0, 0.0, 0.0, 0.0, 0.0, 1.0, 0.0, 1.0, 0.0, 1.0, 1.0)": {"N": -0.29363999999999996, "S": -0.416127975, "W": -0.6, "NW": -0.14121646424999998}, "(0.0, 0.0, 0.0, 0.0, 0.0, 1.0, 0.0, 0.0, 0.0, 1.0, 0.0, 1.0, 0.0, 0.0, 0.0, 1.0, 0.0)": {"S": -0.46918499999999996, "W": -0.621, "NE": 0.312, "NW": -0.61860825, "SW": -0.621}, "(0.0, 0.0, 0.0, 0.0, 0.0, 1.0, 0.0, 0.0, 0.0, 1.0, 0.0, 1.0, 1.0, 0.0, 1.0, 0.0, 1.0)": {"S": -0.608042475, "NE": -0.029902211249999977, "SE": -1.111485}, "(0.0, 0.0, 0.0, 0.0, 0.0, 1.0, 0.0, 0.0, 0.0, 0.0, 0.0, 0.0, 1.0, 1.0, 1.0, 0.0, 1.0)": {"N": -0.3, "S": -0.6, "E": 0.34629548250000003, "SE": -0.5939295}, "(0.0, 0.0, 0.0, 0.0, 0.0, 1.0, 0.0, 0.0, 0.0, 0.0, 1.0, 0.0, 1.0, 1.0, 1.0, 0.0, 0.0)": {"N": -0.792, "E": 0.24984577500000005, "SE": -0.5357857014562499, "SW": -0.9977699999999999}, "(0.0, 0.0, 0.0, 0.0, 0.0, 1.0, 0.0, 0.0, 0.0, 0.0, 1.0, 0.0, 1.0, 0.0, 0.0, 1.0, 0.0)": {"N": -0.12022893412500002, "E": 16.966383750201256, "NE": -0.3, "NW": -0.6, "SW": -0.6}, "(0.0, 0.0, 0.0, 1.0, 0.0, 0.0, 0.0, 0.0, 0.0, 1.0, 0.0, 1.0, 1.0, 1.0, 1.0, 0.0, 1.0)": {"S": -1.02855, "SE": -1.0203262060125002}, "(0.0, 0.0, 0.0, 1.0, 0.0, 0.0, 0.0, 0.0, 0.0, 1.0, 0.0, 1.0, 1.0, 1.0, 1.0, 0.0, 0.0)": {"S": -0.6, "SE": 6.070320096510693, "SW": -0.52305}, "(0.0, 0.0, 0.0, 0.0, 0.0, 1.0, 0.0, 0.0, 0.0, 0.0, 0.0, 0.0, 0.0, 1.0, 1.0, 0.0, 0.0)": {"N": 35.86266063744916, "S": 19.643346082306216, "E": 29.463311335084548, "W": 71.10355734073448, "SE": 6.410804695672119, "SW": 0.6369592350928529}, "(0.0, 0.0, 0.0, 0.0, 0.0, 1.0, 0.0, 0.0, 0.0, 0.0, 1.0, 0.0, 0.0, 0.0, 0.0, 0.0, 1.0)": {"N": 14.381885832456769, "E": 10.643934544868433, "W": 21.456685677478756, "NE": 20.947269838168708, "NW": 71.87348945224375, "SE": -0.4385160313027596}, "(0.0, 0.0, 0.0, 0.0, 0.0, 1.0, 0.0, 0.0, 0.0, 0.0, 0.0, 0.0, 0.0, 0.0, 0.0, 0.0, 1.0)": {"N": 64.43524434763985, "S": 80.49859265077427, "E": 82.40845684906009, "W": 77.3083533782953, "NE": 90.86507687745318, "NW": 63.09858323152611, "SE": 80.94435413247724}, "(0.0, 0.0, 0.0, 0.0, 0.0, 1.0, 0.0, 0.0, 0.0, 0.0, 0.0, 0.0, 0.0, 0.0, 0.0, 1.0, 0.0)": {"N": 0.6461942985135526, "S": 0.0, "E": 81.42782229297086, "W": 0.0, "NE": 0.0, "NW": 2.9601816382323483, "SW": 0.0}, "(0.0, 0.0, 0.0, 0.0, 0.0, 1.0, 0.0, 0.0, 0.0, 0.0, 1.0, 0.0, 0.0, 0.0, 0.0, 0.0, 0.0)": {"N": 51.3140621339641, "E": 86.5380075829206, "W": 71.49216308544194, "NE": 51.26931248414377, "NW": 47.87187877025572, "SE": 75.35951563155021, "SW": 75.8085362980004}, "(0.0, 1.0, 0.0, 0.0, 0.0, 0.0, 0.0, 0.0, 0.0, 0.0, 0.0, 1.0, 0.0, 1.0, 0.0, 1.0, 0.0)": {"N": 89.39668006977298, "S": 77.6672352204637, "W": 83.22413313371928, "NW": 70.75016414724362, "SW": 77.70689135602994}, "(0.0, 1.0, 0.0, 0.0, 0.0, 0.0, 0.0, 0.0, 0.0, 0.0, 0.0, 1.0, 0.0, 1.0, 1.0, 1.0, 0.0)": {"N": 94.94669735760279, "S": 85.20905441404906, "W": 66.53468704018918, "SW": 85.296124078828}, "(1.0, 0.0, 0.0, 0.0, 0.0, 0.0, 0.0, 0.0, 0.0, 1.0, 0.0, 1.0, 1.0, 1.0, 1.0, 1.0, 0.0)": {"S": 0.0, "SW": 0.0}, "(0.0, 0.0, 0.0, 0.0, 0.0, 1.0, 0.0, 0.0, 0.0, 0.0, 1.0, 0.0, 1.0, 0.0, 1.0, 0.0, 1.0)": {"N": -0.3, "E": -0.3, "NE": -0.30855, "SE": -0.44725425}, "(0.0, 0.0, 0.0, 0.0, 0.0, 1.0, 0.0, 0.0, 0.0, 0.0, 1.0, 0.0, 0.0, 0.0, 1.0, 1.0, 0.0)": {"N": 76.54397504724756, "E": 70.93041181246295, "W": 69.2056638016806, "NE": 67.6152546978315, "SW": 66.92343864304766}, "(0.0, 0.0, 0.0, 0.0, 0.0, 1.0, 0.0, 0.0, 0.0, 1.0, 0.0, 0.0, 1.0, 0.0, 0.0, 0.0, 0.0)": {"S": 69.50563260746064, "E": 65.13635856355219, "NE": 76.83074455964052, "NW": 72.45589716529683, "SE": 64.2241134782445, "SW": 68.33149987955257}, "(0.0, 0.0, 0.0, 0.0, 0.0, 1.0, 0.0, 0.0, 0.0, 0.0, 1.0, 1.0, 1.0, 0.0, 0.0, 0.0, 1.0)": {"N": 72.91932215025868, "NE": 76.57913954186137, "NW": 58.15637600148175, "SE": 53.91533404453932}, "(0.0, 0.0, 0.0, 0.0, 0.0, 1.0, 0.0, 0.0, 0.0, 0.0, 1.0, 0.0, 0.0, 1.0, 0.0, 0.0, 0.0)": {"N": 74.44780597710708, "E": 79.82398384221723, "W": 62.076829864630135, "NW": 67.94856709288636, "SE": 35.290231519147746, "SW": 58.38710044126481}, "(0.0, 0.0, 0.0, 0.0, 0.0, 1.0, 0.0, 0.0, 0.0, 0.0, 0.0, 0.0, 1.0, 0.0, 0.0, 0.0, 0.0)": {"N": 86.95874580562321, "S": 68.90339133732326, "E": 83.75664909939591, "NE": 85.35562383100014, "NW": 75.4906265768043, "SE": 74.91639646730192, "SW": 75.12322357720515}, "(0.0, 0.0, 0.0, 0.0, 0.0, 1.0, 0.0, 0.0, 0.0, 1.0, 1.0, 0.0, 0.0, 0.0, 1.0, 1.0, 1.0)": {"E": 0.4563555686410407, "W": -0.6474179532102908, "NE": -0.3},