{"(0.0, 0.0, 0.0, 0.0, 0.0, 1.0, 0.0, 0.0, 0.0, 0.0, 1.0, 0.0, 1.0, 0.0, 1.0, 0.0, 1.0)": {"N": 60.501904902542826, "E": 70.72862029692837, "NE": 62.986278760078875, "SE": 63.28518893304392}, "(0.0, 0.0, 0.0, 0.0, 0.0, 1.0, 0.0, 0.0, 0.0, 0.0, 0.0, 1.0, 0.0, 0.0, 0.0, 1.0, 1.0)": {"N": 62.33303786071315, "S": 61.14343474082464, "W": 63.33566025115378, "NE": 69.66202106141327, "NW": 67.08895643572248}, "(0.0, 0.0, 0.0, 0.0, 0.0, 1.0, 0.0, 0.0, 0.0, 0.0, 1.0, 1.0, 1.0, 1.0, 0.0, 1.0, 1.0)": {"N": 64.59350262970759, "NW": 45.94608522952774}, "(0.0, 0.0, 0.0, 0.0, 0.0, 1.0, 0.0, 0.0, 0.0, 1.0, 1.0, 1.0, 0.0, 0.0, 0.0, 0.0, 0.0)": {"W": 60.226619624431926, "NE": 67.47100650321362, "NW": 54.22792332706912, "SE": 55.715396981255516, "SW": 60.41464971311631}, "(0.0, 0.0, 0.0, 0.0, 0.0, 1.0, 0.0, 0.0, 0.0, 0.0, 0.0, 0.0, 0.0, 1.0, 0.0, 1.0, 0.0)": {"N": 45.278816597896736, "S": 64.43575290908461, "E": 60.50099072900399, "W": 48.54232518483703, "NW": 42.635559022864115, "SW": 45.16687932974168}, "(0.0, 0.0, 0.0, 0.0, 0.0, 1.0, 0.0, 0.0, 0.0, 1.0, 0.0, 0.0, 1.0, 1.0, 0.0, 1.0, 1.0)": {"S": 10.585562785158167, "E": 65.74240620599753, "NW": 23.22612171703266}, "(0.0, 0.0, 0.0, 0.0, 0.0, 1.0, 0.0, 0.0, 0.0, 1.0, 1.0, 0.0, 0.0, 0.0, 1.0, 0.0, 0.0)": {"E": 16.183225097970915, "W": 29.04631569150203, "NE": 70.69786528407519, "SE": 46.03759352160415, "SW": 36.500771936491844}, "(0.0, 0.0, 0.0, 0.0, 0.0, 1.0, 0.0, 0.0, 0.0, 0.0, 1.0, 0.0, 1.0, 0.0, 0.0, 1.0, 1.0)": {"N": 15.491053297211575, "E": 0.0, "NE": 6.218207346433431, "NW": 0.0}, "(0.0, 0.0, 0.0, 0.0, 0.0, 1.0, 0.0, 0.0, 0.0, 0.0, 0.0, 0.0, 0.0, 0.0, 1.0, 0.0, 1.0)": {"N": -0.11099999999999999, "S": 1.3287126283398734, "E": 4.2681106379676175, "W": 35.740096379251035, "NE": 3.712606431278232, "SE": 1.1710795700748209}, "(0.0, 0.0, 0.0, 0.0, 0.0, 1.0, 0.0, 0.0, 0.0, 0.0, 0.0, 0.0, 1.0, 0.0, 1.0, 0.0, 0.0)": {"N": 62.4947935646052, "S": 6.457139547249898, "E": 12.153956756444519, "NE": -0.30855, "SE": -0.10000847556862498, "SW": 25.62663370878433}, "(0.0, 0.0, 0.0, 0.0, 0.0, 1.0, 0.0, 0.0, 0.0, 0.0, 0.0, 0.0, 0.0, 0.0, 0.0, 0.0, 0.0)": {"N": -0.5419591173161249, "S": -0.14835492014949103, "E": -0.6, "W": 30.983619047070217, "NE": -0.657, "NW": -1.0347, "SE": -0.621, "SW": -0.8676193313331187}, "(0.0, 0.0, 0.0, 0.0, 0.0, 1.0, 0.0, 0.0, 0.0, 1.0, 0.0, 0.0, 0.0, 1.0, 0.0, 0.0, 0.0)": {"S": -1.02855, "E": -0.436966065, "W": -0.621, "NW": 29.26781215096621, "SE": -0.6357, "SW": -0.621}, "(0.0, 1.0, 0.0, 0.0, 0.0, 0.0, 0.0, 0.0, 0.0, 0.0, 0.0, 0.0, 0.0, 1.0, 0.0, 1.0, 0.0)": {"N": -0.28661925, "S": -0.03, "E": -0.03, "W": -0.60855, "NW": -0.6, "SW": 10.310015390486925}, "(0.0, 1.0, 0.0, 0.0, 0.0, 0.0, 0.0, 0.0, 0.0, 0.0, 0.0, 1.0, 0.0, 0.0, 0.0, 1.0, 0.0)": {"N": -0.3, "S": 0.0, "W": -1.0055444999999998, "NE": -0.03, "NW": 0.0, "SW": 0.0}, "(0.0, 0.0, 0.0, 0.0, 0.0, 0.0, 1.0, 0.0, 0.0, 1.0, 1.0, 0.0, 0.0, 1.0, 0.0, 0.0, 0.0)": {"E": -0.03, "W": 1.0450069243000695, "NW": -0.08825272499999992, "SE": -0.03, "SW": -0.6}, "(0.0, 0.0, 0.0, 0.0, 0.0, 1.0, 0.0, 0.0, 0.0, 0.0, 0.0, 0.0, 1.0, 1.0, 0.0, 0.0, 1.0)": {"N": 67.86946641825205, "S": 32.808575647664156, "E": 4.153329635176215, "NW": 35.091572024948235, "SE": 3.6680743616118794}, "(0.0, 1.0, 0.0, 0.0, 0.0, 0.0, 0.0, 0.0, 0.0, 0.0, 1.0, 1.0, 0.0, 1.0, 0.0, 1.0, 1.0)": {"N": -0.28661925, "W": 0.0, "NW": -0.0176550825}, "(0.0, 1.0, 0.0, 0.0, 0.0, 0.0, 0.0, 0.0, 0.0, 1.0, 0.0, 1.0, 0.0, 0.0, 1.0, 0.0, 0.0)": {"S": 0.0, "W": -1.8524198403749998, "NE": -0.03, "SE": 0.025870499999999998, "SW": -0.6}, "(0.0, 0.0, 0.0, 0.0, 0.0, 1.0, 0.0, 0.0, 0.0, 0.0, 1.0, 0.0, 1.0, 0.0, 0.0, 0.0, 0.0)": {"N": 72.63314817518591, "E": 62.72987535051385, "NE": 71.76556821668584, "NW": 64.21480632022447, "SE": 55.73261846638915, "SW": 61.04289154719434}, "(0.0, 0.0, 0.0, 0.0, 0.0, 1.0, 0.0, 0.0, 0.0, 0.0, 0.0, 1.0, 0.0, 0.0, 0.0, 0.0, 1.0)": {"N": 30.025516220111456, "S": 28.76551787406873, "W": 39.624390794272486, "NE": 26.68676076603188, "NW": 71.13428129302851, "SE": 3.4921401351762142}, "(0.0, 0.0, 0.0, 0.0, 0.0, 1.0, 0.0, 0.0, 0.0, 1.0, 0.0, 0.0, 0.0, 0.0, 0.0, 1.0, 0.0)": {"S": 63.38722256857082, "E": 47.4494239905573, "W": 70.15636906329243, "NE": 51.77782192538075, "NW": 75.0578255495943, "SW": 58.65906704776564}, "(0.0, 0.0, 0.0, 0.0, 0.0, 1.0, 0.0, 0.0, 0.0, 0.0, 0.0, 0.0, 0.0, 1.0, 1.0, 0.0, 1.0)": {"N": 76.14627691115116, "S": 65.82081775946105, "E": 50.591730267633075, "W": 55.01967152626455, "SE": 62.28043543772784}, "(0.0, 0.0, 0.0, 0.0, 0.0, 1.0, 0.0, 0.0, 0.0, 0.0, 1.0, 0.0, 0.0, 0.0, 1.0, 1.0, 0.0)": {"N": 54.09431661247357, "E": 1.292839039144103, "W": 20.909403390812216, "NE": 16.51643805532532, "SW": 40.8159770892058}, "(0.0, 0.0, 0.0, 0.0, 0.0, 1.0, 0.0, 0.0, 0.0, 0.0, 0.0, 0.0, 1.0, 1.0, 1.0, 0.0, 0.0)": {"N": 61.32475397993163, "S": 16.351960612643495, "E": 12.551442666335655, "SE": -0.03, "SW": 0.0}, "(0.0, 0.0, 0.0, 0.0, 0.0, 1.0, 0.0, 0.0, 0.0, 0.0, 0.0, 1.0, 1.0, 1.0, 0.0, 0.0, 1.0)": {"N": 66.74709205497106, "S": 36.867232933275154, "NW": 55.50511452643596, "SE": 6.020832116812543}, "(1.0, 0.0, 0.0, 0.0, 0.0, 0.0, 0.0, 0.0, 0.0, 1.0, 1.0, 0.0, 0.0, 1.0, 1.0, 1.0, 0.0)": {"E": 0.0, "W": 0.0, "SW": 0.0}, "(0.0, 0.0, 0.0, 0.0, 0.0, 1.0, 0.0, 0.0, 0.0, 0.0, 0.0, 1.0, 0.0, 0.0, 0.0, 0.0, 0.0)": {"N": 6.607638997505251, "S": 36.06559626611258, "W": -0.5027278512309982, "NE": 22.76323643197099, "NW": -0.03, "SE": 27.631092274632557, "SW": 58.549731891408626}, "(0.0, 0.0, 0.0, 0.0, 0.0, 1.0, 0.0, 0.0, 0.0, 0.0, 0.0, 0.0, 1.0, 0.0, 1.0, 0.0, 1.0)": {"N": 48.68626495974565, "S": 64.56840526650305, "E": 45.22129861472113, "NE": 26.79296045857504, "SE": 46.588124649449156}, "(0.0, 0.0, 0.0, 0.0, 0.0, 1.0, 0.0, 0.0, 0.0, 1.0, 1.0, 1.0, 1.0, 0.0, 0.0, 1.0, 0.0)": {"NE": 69.87602307982755, "NW": 60.094791883200266, "SW": 61.62926883862617}, "(0.0, 0.0, 0.0, 0.0, 0.0, 1.0, 0.0, 0.0, 0.0, 0.0, 1.0, 1.0, 0.0, 0.0, 1.0, 0.0, 0.0)": {"N": 19.543890243224965, "W": 15.130077005876743, "NE": 43.35191769849514, "SE": 64.16022369221743, "SW": 30.409377212134835}, "(0.0, 0.0, 0.0, 0.0, 0.0, 1.0, 0.0, 0.0, 0.0, 0.0, 0.0, 1.0, 1.0, 1.0, 0.0, 0.0, 0.0)": {"N": 63.4983856552891, "S": 70.15116383978634, "NW": 79.49427835497856, "SE": 68.31935062545844, "SW": 61.931433176851094}, "(0.0, 0.0, 0.0, 0.0, 0.0, 1.0, 0.0, 0.0, 0.0, 0.0, 1.0, 0.0, 0.0, 0.0, 0.0, 0.0, 0.0)": {"N": 78.44199821494851, "E": 66.52121339059521, "W": 80.86788411859926, "NE": 91.34617371182499, "NW": 78.67688712205086, "SE": 61.35564122625459, "SW": 63.61415068447814}, "(0.0, 0.0, 0.0, 0.0, 0.0, 1.0, 0.0, 0.0, 0.0, 1.0, 0.0, 0.0, 0.0, 0.0, 1.0, 1.0, 0.0)": {"S": -0.03, "E": 0.27, "W": 0.0, "NE": 22.974171921071058, "SW": 38.296989228262284}, "(0.0, 0.0, 0.0, 0.0, 0.0, 1.0, 0.0, 0.0, 0.0, 1.0, 0.0, 0.0, 1.0, 1.0, 1.0, 0.0, 1.0)": {"S": -0.52305, "E": 6.08938875602072, "SE": -0.6}, "(0.0, 0.0, 0.0, 0.0, 0.0, 1.0, 0.0, 0.0, 0.0, 1.0, 0.0, 0.0, 1.0, 1.0, 0.0, 1.0, 0.0)": {"S": 0.0, "E": 49.96667354790416, "NW": 0.0, "SW": -0.122274567}, "(0.0, 0.0, 0.0, 1.0, 0.0, 0.0, 0.0, 0.0, 0.0, 1.0, 0.0, 0.0, 0.0, 1.0, 1.0, 1.0, 0.0)": {"S": 66.69690453901664, "E": 95.24896589451782, "W": 78.2639175688413, "SW": 84.42430277390797}, "(0.0, 0.0, 0.0, 0.0, 0.0, 0.0, 1.0, 0.0, 0.0, 0.0, 1.0, 1.0, 1.0, 1.0, 0.0, 1.0, 1.0)": {"N": 0.0, "NW": -0.3}, "(0.0, 0.0, 0.0, 0.0, 0.0, 1.0, 0.0, 0.0, 0.0, 0.0, 1.0, 0.0, 0.0, 0.0, 0.0, 1.0, 1.0)": {"N": 0.0, "E": -0.03, "W": 0.0, "NE": 0.0, "NW": 8.747858016827905}, "(0.0, 0.0, 0.0, 0.0, 0.0, 0.0, 1.0, 0.0, 0.0, 0.0, 1.0, 0.0, 1.0, 1.0, 0.0, 1.0, 0.0)": {"N": 0.0, "E": -0.03, "NW": 0.27, "SW": 0.0}, "(0.0, 0.0, 0.0, 0.0, 0.0, 0.0, 1.0, 0.0, 0.0, 1.0, 1.0, 1.0, 0.0, 1.0, 0.0, 1.0, 1.0)": {"W": 0.0, "NW": 0.27}, "(0.0, 0.0, 0.0, 0.0, 0.0, 0.0, 1.0, 0.0, 0.0, 0.0, 0.0, 1.0, 0.0, 0.0, 0.0, 0.0, 1.0)": {"N": -0.3, "S": -0.03, "W": 0.0, "NE": -0.03, "NW": -0.11099999999999999, "SE": 0.0}, "(0.0, 1.0, 0.0, 0.0, 0.0, 0.0, 0.0, 0.0, 0.0, 1.0, 0.0, 0.0, 0.0, 1.0, 0.0, 0.0, 0.0)": {"S": -0.5059300019182064, "E": -0.03,