{"('NE', False, True, True, False, False, True, True, True)": {"N": 0.9748780374893438, "S": 0.0, "E": 0.0, "W": 0.5606851405145039, "NE": 12.462694510457093, "NW": 0.0, "SE": 0.0, "SW": 0.0}, "('NE', False, False, False, True, False, True, True, False)": {"N": 0.79791075, "S": -1.0347, "E": -0.14725425, "W": 0.0, "NE": 0.0, "NW": 0.0, "SE": 0.0, "SW": 0.0}, "('NE', True, True, False, True, False, True, True, True)": {"N": 0.0, "S": 0.0, "E": 0.06, "W": 0.0, "NE": -0.3, "NW": 0.0, "SE": 0.0, "SW": 0.0}, "('NE', False, True, False, False, False, False, False, False)": {"N": 0.0, "S": 0.0, "E": 12.208285539655467, "W": -0.29905650470625, "NE": -0.03404999999999997, "NW": 0.0, "SE": 0.0, "SW": 0.0}, "('NE', False, False, False, False, False, False, False, False)": {"N": -0.07550791124999989, "S": 1.4949750164781648, "E": -0.22305, "W": -0.03, "NE": 11.937090286594694, "NW": -0.02563620838565624, "SE": -0.47909543625000006, "SW": -0.03}, "('NE', False, False, False, False, True, False, False, False)": {"N": 0.0, "S": -0.9430499999999999, "E": 1.4969107222336826, "W": -0.54405, "NE": 0.0, "NW": -0.6, "SE": 0.0, "SW": -0.03}, "('NE', False, False, False, False, False, True, False, True)": {"N": 0.0, "S": -0.03, "E": 0.79791075, "W": -0.03, "NE": 0.0, "NW": 0.0, "SE": -0.6, "SW": 0.0}, "('NE', True, False, False, False, True, False, False, False)": {"N": 0.0, "S": 0.0, "E": 0.53595, "W": -0.9430499999999999, "NE": 0.0, "NW": 0.0, "SE": 0.065115, "SW": 0.0}, "('NE', False, True, False, True, False, False, True, True)": {"N": -0.3, "S": 0.0, "E": 0.0, "W": 0.0, "NE": -0.3, "NW": 0.0, "SE": 0.0, "SW": 0.0}, "('NE', False, False, True, False, False, False, False, False)": {"N": 0.42274575, "S": -0.6, "E": 0.0, "W": 0.0, "NE": 1.5133771383774326, "NW": 0.0, "SE": 0.12274575, "SW": -0.44725425}, "('NE', True, False, False, False, False, False, True, False)": {"N": 0.0, "S": 0.06888075, "E": 0.27, "W": 0.0, "NE": 0.8295105549893437, "NW": 0.0, "SE": 0.0, "SW": 0.0}, "('NE', False, True, False, False, False, True, False, False)": {"N": 12.041884165766374, "S": 0.0, "E": 0.7957108514778062, "W": -0.6070087710592871, "NE": -0.05423014933124998, "NW": 0.0, "SE": -0.03, "SW": 0.0}, "('NE', False, False, False, True, False, False, False, False)": {"N": -0.14725425, "S": 0.12274575, "E": 1.05594208875, "W": 0.0, "NE": 0.42274575, "NW": 0.0, "SE": 0.0, "SW": 0.12274575}, "('NE', False, True, True, False, False, False, False, False)": {"N": -0.16556160816308438, "S": 0.0, "E": 0.0, "W": 0.0, "NE": 2.7009123137631326, "NW": -0.46556160816308434, "SE": 0.0, "SW": 0.0}, "('N', False, True, True, False, True, False, True, False)": {"N": 2.29178964755527, "S": 0.0, "E": 0.0, "W": -0.6, "NE": 0.0, "NW": 0.2360506909711481, "SE": 0.0, "SW": -0.6}, "('N', True, False, True, False, True, True, True, False)": {"N": 0.0, "S": -1.6638600000000001, "E": 0.0, "W": -0.41809492754221333, "NE": 0.0, "NW": 0.0, "SE": 0.0, "SW": -1.5198}, "('NE', True, False, False, True, True, False, False, False)": {"N": 0.0, "S": -0.6, "E": -0.657, "W": 0.0, "NE": 0.0, "NW": -0.09999999999995947, "SE": -0.6, "SW": -0.932493}, "('NE', True, False, False, False, False, True, False, False)": {"N": 0.0, "S": -0.08823510000000001, "E": 10.706762508822804, "W": -0.9353668053749999, "NE": -0.3, "NW": 0.0, "SE": -0.08823510000000001, "SW": -0.621}, "('NE', False, False, False, False, False, False, False, True)": {"N": 11.664211494371045, "S": -0.06570000000000001, "E": -0.3, "W": -0.16335266646085322, "NE": -0.2409, "NW": -0.4581651, "SE": -0.0691034025, "SW": 0.0}, "('NE', False, False, False, False, False, True, True, False)": {"N": 11.271278545639731, "S": -0.6357, "E": 0.3881391318427539, "W": -0.6357, "NE": -0.657, "NW": 0.0, "SE": 0.0, "SW": 0.7634139964247868}, "('NE', False, False, False, False, False, False, True, False)": {"N": 0.0, "S": 1.4568293286878762, "E": -0.3, "W": 0.0, "NE": 12.837547991741312, "NW": 1.7596711415309108, "SE": 0.0, "SW": 0.0}, "('NE', False, True, True, False, False, False, False, True)": {"N": 0.0, "S": 0.0, "E": 0.0, "W": -0.051000000000000004, "NE": 11.955287428078421, "NW": 0.0, "SE": 0.0, "SW": 0.0}, "('NE', False, True, False, True, False, True, True, True)": {"N": -0.03404999999999997, "S": 0.0, "E": 0.0, "W": 0.0, "NE": 0.27, "NW": 0.0, "SE": 0.0, "SW": 0.0}, "('NE', False, False, False, True, False, False, False, True)": {"N": -0.03404999999999997, "S": -0.6, "E": 0.0, "W": 0.0, "NE": 0.0, "NW": -0.03, "SE": -0.621, "SW": 0.0}, "('NE', True, False, False, False, False, False, False, True)": {"N": 0.0, "S": 0.0, "E": 0.0, "W": 0.0, "NE": 0.27, "NW": 0.0, "SE": 0.0, "SW": 0.0}, "('E', True, False, False, True, True, True, False, False)": {"N": 0.0, "S": 0.0, "E": 0.53595, "W": 0.0, "NE": 0.0, "NW": 0.0, "SE": 0.0, "SW": 0.0}, "('E', True, False, False, False, True, True, False, False)": {"N": 0.0, "S": -0.03, "E": 0.0, "W": 0.0, "NE": 0.0, "NW": 0.0, "SE": 0.27, "SW": 0.0}, "('NE', False, True, False, False, False, False, True, True)": {"N": 0.79791075, "S": 0.0, "E": 0.0, "W": 0.0, "NE": -0.22305, "NW": 0.0, "SE": 0.0, "SW": 0.0}, "('NE', True, True, False, True, False, True, False, True)": {"N": 0.0, "S": 0.0, "E": 0.27, "W": 0.0, "NE": -0.03404999999999997, "NW": 0.0, "SE": -0.52305, "SW": 0.0}, "('NE', False, False, False, True, True, True, False, False)": {"N": 0.27, "S": 0.0, "E": 0.0, "W": 0.0, "NE": 0.0, "NW": 0.0, "SE": 0.0, "SW": 0.0}, "('NE', False, False, True, True, True, False, False, True)": {"N": -0.03404999999999997, "S": 0.0, "E": 0.0, "W": 0.0, "NE": 0.0, "NW": 0.0, "SE": -0.6, "SW": 0.0}, "('NE', False, False, True, False, True, True, True, True)": {"N": -0.03404999999999997, "S": 0.0, "E": 0.0, "W": 0.0, "NE": 0.0, "NW": 0.0, "SE": 0.0, "SW": 0.0}, "('NE', False, False, True, True, False, True, True, False)": {"N": 0.27, "S": 0.0, "E": 0.0, "W": 0.0, "NE": 0.0, "NW": 0.0, "SE": 0.0, "SW": -0.621}, "('NE', False, False, False, True, False, True, True, True)": {"N": 0.0, "S": 0.0, "E": -0.03404999999999997, "W": 0.0, "NE": 0.0, "NW": 0.0, "SE": 0.0, "SW": 0.0}, "('NE', False, True, True, False, False, False, True, False)": {"N": 12.108113617530114, "S": 0.0, "E": 0.0, "W": 0.2743505101295467, "NE": 2.416589778628359, "NW": 0.0, "SE": 0.0, "SW": 2.390413014119878}, "('E', True, True, False, False, True, True, False, False)": {"N": 0.0, "S": 0.0, "E": -0.3, "W": 0.0, "NE": 0.0, "NW": 0.0, "SE": -0.03404999999999997, "SW": -0.966135}, "('NE', False, False, False, True, False, False, True, True)": {"N": 0.0, "S": -0.621, "E": 0.0, "W": 0.0, "NE": 0.0, "NW": -0.6, "SE": 0.0, "SW": 0.0}, "('NE', False, False, True, True, False, True, True, True)": {"N": 0.0, "S": -0.54405, "E": 0.0, "W": 0.0, "NE": 0.27, "NW": 0.0, "SE": 0.0, "SW": 0.0}, "('NE', False, True, True, True, True, True, True, False)": {"N": -0.3, "S": 0.0, "E": 0.0, "W": 0.0, "NE": 0.0, "NW": 0.0, "SE": 0.0, "SW": -0.621}, "('NE', True, True, True, True, False, True, True, False)": {"N": 0.0, "S": 0.0, "E": 0.0, "W": 0.0, "NE": -0.3, "NW": 0.0, "SE": 0.0, "SW": -0.621}, "('NE', False, True, False, False, True, False, False, False)": {"N": -0.03404999999999997, "S": 0.0, "E": 0.0, "W": 0.0, "NE": 0.0, "NW": 0.0, "SE": 0.0, "SW": 0.0}, "('E', True, False, True, False, True, True, False, False)": {"N": 0.0, "S": -0.6, "E": 0.0, "W": -0.03, "NE": 0.0, "NW": 0.0, "SE": 0.0, "SW": -0.6}, "('E', True, False, False, False, True, True, False, True)": {"N": 0.0, "S": 0.0, "E": -0.3, "W": -0.6, "NE": 0.0, "NW": 0.0, "SE": 0.0, "SW": 0.0}, "('E', True, False, False, False, True, True, True, False)": {"N": 0.0, "S": -1.02, "E": 0.0, "W": -0.03, "NE": 0.0, "NW": 0.0, "SE": 0.0, "SW": 0.0}, "('E', True, False, False, True, True, True, False, True)": {"N": 0.0, "S": 0.0, "E": -0.3, "W": 0.0, "NE": 0.0, "NW": 0.0, "SE": 0.0, "SW": 0.0}, "('NE', True, False, True, False, False, False, False, False)": {"N": 0.0, "S": -0.03, "E": 0.0, "W": 0.0, "NE": -0.3, "NW": -0.6, "SE": 0.0, "SW": 0.0},