{"('NE', False, True, True, False, False, True, True, True)": {"N": 0.6184049123780715, "S": 0.0, "E": 0.0, "W": 0.23770978890765898, "NE": 12.346429636523327, "NW": 0.0, "SE": 0.0, "SW": 0.0}, "('NE', False, True, False, False, False, False, False, False)": {"N": -0.03404999999999997, "S": 0.0, "E": 0.0, "W": 0.0, "NE": 12.178749298186784, "NW": 0.6183898340635219, "SE": 0.0, "SW": -0.14052545096847335}, "('NE', False, False, False, True, False, False, False, True)": {"N": -0.3, "S": -0.621, "E": -0.3, "W": 0.0, "NE": 1.0331636555681252, "NW": -0.44999999999999996, "SE": -0.44999999999999996, "SW": 0.0}, "('NE', False, False, False, True, False, True, True, False)": {"N": -0.3, "S": -0.051000000000000004, "E": -0.3, "W": 0.0, "NE": -0.03404999999999997, "NW": 0.0, "SE": 0.0, "SW": -0.03}, "('NE', False, False, False, False, False, False, False, False)": {"N": -0.08266431786124862, "S": -0.4289240659112812, "E": 0.9696863577228452, "W": -0.500210636408662, "NE": 11.925621282386833, "NW": -0.4647, "SE": -0.05955, "SW": -1.02}, "('NE', False, False, False, False, False, True, False, True)": {"N": -0.2409, "S": 0.0, "E": -0.45613499999999996, "W": -0.03, "NE": -0.03404999999999997, "NW": 0.0, "SE": -0.6, "SW": 0.0}, "('NE', True, True, False, True, False, True, False, True)": {"N": 0.0, "S": 0.0, "E": -0.2409, "W": 0.0, "NE": -0.51, "NW": 0.0, "SE": -1.02, "SW": 0.0}, "('NE', True, False, True, False, False, False, False, False)": {"N": 0.0, "S": -0.621, "E": 0.0, "W": -0.621, "NE": 0.5124725250000001, "NW": -0.621, "SE": -0.6, "SW": -0.6}, "('NE', False, False, False, False, True, False, False, False)": {"N": 0.10137000000000002, "S": -0.6, "E": -0.3, "W": -0.44999999999999996, "NE": 0.0, "NW": -1.314, "SE": -0.4647, "SW": -0.44999999999999996}, "('NE', False, False, False, True, True, True, False, False)": {"N": -0.3, "S": -1.02, "E": -0.03404999999999997, "W": 0.0, "NE": 0.0, "NW": 0.0, "SE": -1.02, "SW": -0.6}, "('NE', False, False, True, False, False, False, False, False)": {"N": -0.3, "S": -0.621, "E": 0.0, "W": -0.621, "NE": 0.2297307675, "NW": -0.6, "SE": -0.06570000000000001, "SW": -0.6}, "('NE', True, False, False, False, True, False, False, False)": {"N": 0.0, "S": -0.6, "E": -0.03404999999999997, "W": -0.6, "NE": 0.0, "NW": -1.02, "SE": -0.03, "SW": -0.621}, "('NE', True, False, False, False, False, True, True, False)": {"N": 0.0, "S": -0.051000000000000004, "E": 11.844761712278878, "W": -0.6, "NE": -0.3, "NW": 0.0, "SE": 0.0, "SW": -1.02}, "('NE', True, True, True, True, False, True, True, False)": {"N": 0.0, "S": 0.0, "E": 0.0, "W": 0.0, "NE": 0.5124725250000001, "NW": 0.0, "SE": 0.0, "SW": -0.52305}, "('NE', False, True, True, True, True, True, True, False)": {"N": 0.21714446212500005, "S": 0.0, "E": 0.0, "W": 0.0, "NE": 0.0, "NW": 0.0, "SE": 0.0, "SW": -0.6}, "('NE', False, False, True, True, False, True, True, True)": {"N": -0.07550791124999989, "S": -0.760332225, "E": 0.0, "W": 0.0, "NE": 0.27, "NW": 0.0, "SE": 0.0, "SW": 0.0}, "('NE', False, False, False, True, False, False, True, True)": {"N": -0.03404999999999997, "S": -0.6, "E": -0.3, "W": 0.0, "NE": 0.27, "NW": -0.03, "SE": 0.0, "SW": 0.0}, "('E', True, True, False, False, True, True, False, False)": {"N": 0.0, "S": 0.0, "E": 0.53595, "W": 0.0, "NE": 0.0, "NW": 0.0, "SE": 0.0, "SW": -0.03}, "('NE', False, True, True, False, False, False, True, False)": {"N": 3.3476487516072604, "S": 0.0, "E": 0.0, "W": 0.0, "NE": 11.817271439080166, "NW": 0.4643964333953213, "SE": 0.0, "SW": -0.6852660416046787}, "('NE', False, False, True, True, False, True, True, False)": {"N": -0.03404999999999997, "S": -0.621, "E": 0.0, "W": 0.0, "NE": -0.51, "NW": 0.0, "SE": 0.0, "SW": -0.6}, "('NE', False, False, True, False, True, True, True, True)": {"N": -0.2409, "S": -0.03, "E": 0.0, "W": -0.6, "NE": 0.0, "NW": 0.0, "SE": 0.0, "SW": 0.0}, "('NE', False, False, True, True, True, False, False, True)": {"N": -0.3, "S": -0.6, "E": 0.0, "W": 0.0, "NE": 0.0, "NW": -0.621, "SE": -0.6, "SW": 0.0}, "('E', True, False, False, False, True, True, True, False)": {"N": 0.0, "S": -1.02, "E": 0.27, "W": -0.03, "NE": 0.0, "NW": 0.0, "SE": 0.0, "SW": -0.6}, "('E', True, False, False, True, True, True, False, True)": {"N": 0.0, "S": 0.0, "E": 0.0, "W": 0.0, "NE": 0.0, "NW": 0.0, "SE": -0.3, "SW": 0.0}, "('E', True, False, False, False, True, True, False, True)": {"N": 0.0, "S": 0.0, "E": 0.0, "W": 0.0, "NE": 0.0, "NW": 0.0, "SE": 0.48594208875, "SW": 0.0}, "('NE', False, True, False, False, True, False, False, False)": {"N": -0.07550791124999989, "S": 0.0, "E": -0.03404999999999997, "W": -0.5537542499999999, "NE": 0.0, "NW": 0.0, "SE": -0.03, "SW": -0.6}, "('NE', False, False, False, False, False, True, False, False)": {"N": -0.03404999999999997, "S": -0.03, "E": -0.03404999999999997, "W": -0.6, "NE": 0.18707470741874999, "NW": 0.0, "SE": -0.03, "SW": -0.6}, "('NE', False, False, False, False, False, False, True, False)": {"N": -0.34026923249999996, "S": -0.621, "E": -0.51, "W": -0.44999999999999996, "NE": 3.260137400645195, "NW": -0.6, "SE": 0.0, "SW": -0.4647}, "('N', False, True, True, False, True, False, True, False)": {"N": -0.22305, "S": 0.0, "E": 0.0, "W": 1.5696295284264226, "NE": 0.0, "NW": 15.66990690837362, "SE": 0.0, "SW": -0.621}, "('E', True, False, False, False, True, True, False, False)": {"N": 0.0, "S": 0.19740456374999998, "E": 11.751027119064851, "W": -0.03, "NE": 0.0, "NW": 0.0, "SE": 0.0009434952937499963, "SW": 4.730128413998147}, "('E', True, False, False, True, True, True, False, False)": {"N": 0.0, "S": 0.0, "E": -0.3, "W": 0.0, "NE": 0.0, "NW": 0.0, "SE": 0.53595, "SW": -0.6}, "('NE', True, True, False, True, False, True, True, True)": {"N": 0.0, "S": 0.0, "E": -0.03404999999999997, "W": 0.0, "NE": -0.323835, "NW": 0.0, "SE": 0.0, "SW": 0.0}, "('NE', False, True, False, False, False, True, False, False)": {"N": 0.0, "S": 0.0, "E": 11.989708326640534, "W": -0.03, "NE": 1.7998847956805621, "NW": 0.0, "SE": 0.24127859986202327, "SW": -0.474945330375}, "('NE', False, False, False, False, False, False, False, True)": {"N": -0.2797708973695219, "S": -0.621, "E": -0.3, "W": -0.621, "NE": 11.975443242956743, "NW": -0.6, "SE": -0.6, "SW": 0.0}, "('NE', True, False, False, False, True, True, False, False)": {"N": 0.0, "S": -1.02, "E": -0.08699999999999997, "W": -0.64599, "NE": 0.0, "NW": 0.0, "SE": -0.621, "SW": -0.6}, "('NE', True, False, False, True, True, True, False, False)": {"N": 0.0, "S": -0.6, "E": -0.3, "W": 0.0, "NE": 0.0, "NW": 0.0, "SE": -0.621, "SW": -0.6}, "('NE', True, False, False, False, False, True, False, False)": {"N": 0.0, "S": 0.45551634893702253, "E": 11.792849142504693, "W": 0.20863584703004945, "NE": -0.3, "NW": 0.0, "SE": -0.6, "SW": -0.6}, "('NE', False, False, False, False, False, True, True, False)": {"N": -0.3, "S": -0.6, "E": 11.771857028667965, "W": 0.8609663176738832, "NE": 4.499241922371548, "NW": 0.0, "SE": 0.0, "SW": -1.02}, "('N', True, False, True, False, True, True, True, False)": {"N": 0.0, "S": -0.37954499999999997, "E": 0.0, "W": -0.92529, "NE": 0.0, "NW": 0.0, "SE": 0.0, "SW": -1.314}, "('NE', True, False, False, True, True, False, False, False)": {"N": 0.0, "S": -1.02, "E": -0.51, "W": 0.0, "NE": 0.0, "NW": -0.09999999999983117, "SE": -0.92529, "SW": -0.6}, "('NE', False, True, True, False, False, False, False, False)": {"N": 0.06, "S": 0.0, "E": 0.0, "W": -0.6, "NE": -0.3, "NW": -0.6, "SE": -0.621, "SW": -0.6}, "('N', True, False, True, True, True, False, True, False)": {"N": 0.0, "S": -0.621, "E": 0.0, "W": 0.0, "NE": 0.0, "NW": 0.06, "SE": 0.0, "SW": -1.02}, "('N', False, False, True, False, True, True, True, False)": {"N": -0.3, "S": -1.0347, "E": 0.0, "W": -0.6, "NE": 0.0, "NW": 0.0, "SE": 0.0, "SW": -0.6}, "('N', False, True, True, False, True, False, True, True)": {"N": -0.3, "S": 0.0, "E": 0.0, "W": -0.621, "NE": 0.0, "NW": -0.51, "SE": 0.0, "SW": 0.0}, "('NE', False, True, False, False, False, False, True, True)": {"N": -0.3, "S": 0.0, "E": -0.3,