{"(0.0, 0.0, 0.0, 0.0, 0.0, 1.0, 0.0, 0.0, 0.0, 0.0, 1.0, 0.0, 1.0, 0.0, 1.0, 0.0, 1.0)": {"N": 54.45993939725178, "E": 60.69503997049651, "NE": 49.27811509826977, "SE": 58.41130711457598}, "(0.0, 0.0, 0.0, 0.0, 0.0, 1.0, 0.0, 0.0, 0.0, 0.0, 1.0, 1.0, 1.0, 1.0, 0.0, 1.0, 1.0)": {"N": 64.4446594049597, "NW": 45.27005686313011}, "(0.0, 0.0, 0.0, 0.0, 0.0, 1.0, 0.0, 0.0, 0.0, 0.0, 0.0, 1.0, 0.0, 0.0, 0.0, 1.0, 1.0)": {"N": 61.694773661101905, "S": 57.26969729307326, "W": 62.91287606872471, "NE": 70.09082040166179, "NW": 55.49176858548904}, "(0.0, 0.0, 0.0, 0.0, 0.0, 1.0, 0.0, 0.0, 0.0, 0.0, 0.0, 0.0, 1.0, 0.0, 1.0, 0.0, 1.0)": {"N": 47.082535535290944, "S": 44.76553269826604, "E": 49.83820525113187, "NE": 33.55399923472483, "SE": 61.11075641953691}, "(0.0, 0.0, 0.0, 0.0, 0.0, 1.0, 0.0, 0.0, 0.0, 0.0, 0.0, 0.0, 0.0, 1.0, 0.0, 1.0, 0.0)": {"N": 45.713635515266155, "S": 50.66632477432708, "E": 46.445530541356085, "W": 44.41663508020413, "NW": 42.807695412660735, "SW": 58.739698109314354}, "(0.0, 0.0, 0.0, 0.0, 0.0, 1.0, 0.0, 0.0, 0.0, 1.0, 1.0, 1.0, 0.0, 0.0, 0.0, 0.0, 0.0)": {"W": 53.81476216186932, "NE": 66.41438023298468, "NW": 45.4829126740173, "SE": 51.02224280067055, "SW": 56.60733319576179}, "(0.0, 0.0, 0.0, 0.0, 0.0, 1.0, 0.0, 0.0, 0.0, 0.0, 0.0, 1.0, 0.0, 0.0, 0.0, 0.0, 0.0)": {"N": 21.762483254128874, "S": 28.098705885058543, "W": 13.418175026821613, "NE": 16.36460836307031, "NW": 0.7171980132529837, "SE": 18.879117234378562, "SW": 53.589017065677126}, "(0.0, 0.0, 0.0, 0.0, 0.0, 1.0, 0.0, 0.0, 0.0, 1.0, 0.0, 0.0, 1.0, 1.0, 1.0, 0.0, 1.0)": {"S": 39.23392082807401, "E": 0.34695000000000004, "SE": -0.006551625000000005}, "(0.0, 0.0, 0.0, 0.0, 0.0, 1.0, 0.0, 0.0, 0.0, 0.0, 1.0, 1.0, 0.0, 0.0, 1.0, 0.0, 0.0)": {"N": 1.4508494519491255, "W": 19.601574008194078, "NE": 57.498450979697914, "SE": 23.962890819692714, "SW": 28.12060150348063}, "(0.0, 0.0, 0.0, 0.0, 0.0, 1.0, 0.0, 0.0, 0.0, 1.0, 1.0, 1.0, 1.0, 0.0, 0.0, 1.0, 0.0)": {"NE": 69.43290434526946, "NW": 44.2978283868717, "SW": 60.343253329902076}, "(0.0, 0.0, 0.0, 0.0, 0.0, 1.0, 0.0, 0.0, 0.0, 1.0, 0.0, 0.0, 1.0, 1.0, 0.0, 1.0, 1.0)": {"S": 29.42232412821592, "E": 61.30343185943724, "NW": 37.66469266000179}, "(0.0, 0.0, 0.0, 0.0, 0.0, 1.0, 0.0, 0.0, 0.0, 0.0, 1.0, 0.0, 1.0, 0.0, 0.0, 0.0, 0.0)": {"N": 55.332132206069964, "E": 47.109501745723, "NE": 71.97809770278536, "NW": 58.203225276399415, "SE": 44.174069009813735, "SW": 58.62860225097705}, "(0.0, 0.0, 0.0, 0.0, 0.0, 1.0, 0.0, 0.0, 0.0, 0.0, 0.0, 0.0, 0.0, 1.0, 1.0, 0.0, 1.0)": {"N": 45.01370541106141, "S": 32.76980736783578, "E": 70.2551810074419, "W": 39.969062610859865, "SE": 14.25372443317516}, "(0.0, 0.0, 0.0, 0.0, 0.0, 1.0, 0.0, 0.0, 0.0, 1.0, 1.0, 0.0, 0.0, 0.0, 1.0, 0.0, 0.0)": {"E": 51.527479479261245, "W": 27.859973459230275, "NE": 67.97094049655287, "SE": 38.429994737541946, "SW": 34.264383133311064}, "(0.0, 0.0, 0.0, 0.0, 0.0, 1.0, 0.0, 0.0, 0.0, 0.0, 0.0, 0.0, 1.0, 1.0, 0.0, 0.0, 1.0)": {"N": 25.735977184096235, "S": 30.270321914849713, "E": 15.264241366499371, "NW": 62.090105496966714, "SE": 33.507272545427895}, "(0.0, 0.0, 0.0, 0.0, 0.0, 1.0, 0.0, 0.0, 0.0, 1.0, 0.0, 0.0, 0.0, 1.0, 0.0, 0.0, 0.0)": {"S": 10.523687689560886, "E": -0.6070081913791842, "W": 21.471237849172724, "NW": 47.720893921469006, "SE": -0.621, "SW": -0.5211710357625}, "(0.0, 1.0, 0.0, 0.0, 0.0, 0.0, 0.0, 0.0, 0.0, 1.0, 0.0, 1.0, 0.0, 0.0, 1.0, 0.0, 0.0)": {"S": -0.85457715, "W": -1.1685337451923123, "NE": 1.4103502703341193, "SE": -0.929535, "SW": -0.6855}, "(0.0, 0.0, 0.0, 0.0, 0.0, 0.0, 1.0, 0.0, 0.0, 0.0, 1.0, 0.0, 1.0, 1.0, 0.0, 1.0, 0.0)": {"N": -0.3, "E": -0.621, "NW": 10.577223046698915, "SW": -0.60855}, "(0.0, 1.0, 0.0, 0.0, 0.0, 0.0, 0.0, 0.0, 0.0, 0.0, 1.0, 0.0, 0.0, 0.0, 0.0, 0.0, 1.0)": {"N": -0.11099999999999999, "E": -0.03, "W": 44.591808877275895, "NE": -0.03855, "NW": -0.03, "SE": -0.5671349999999998}, "(0.0, 1.0, 0.0, 0.0, 0.0, 0.0, 0.0, 0.0, 0.0, 1.0, 0.0, 0.0, 0.0, 1.0, 0.0, 0.0, 0.0)": {"S": -0.03, "E": -0.03, "W": 38.3457013267129, "NW": 18.138848963796786, "SE": -0.7931925, "SW": 12.642961422823944}, "(0.0, 0.0, 0.0, 0.0, 0.0, 1.0, 0.0, 0.0, 0.0, 0.0, 1.0, 0.0, 0.0, 0.0, 1.0, 1.0, 0.0)": {"N": 28.338793041634386, "E": 24.985927894923837, "W": 69.65087336363057, "NE": 26.51193558335796, "SW": 38.07101724540716}, "(0.0, 0.0, 0.0, 0.0, 0.0, 0.0, 1.0, 0.0, 0.0, 0.0, 0.0, 1.0, 0.0, 0.0, 0.0, 0.0, 1.0)": {"N": -0.657, "S": -0.52305, "W": -0.6, "NE": -0.621532725, "NW": -0.3, "SE": -0.6855}, "(0.0, 0.0, 0.0, 0.0, 0.0, 0.0, 1.0, 0.0, 0.0, 1.0, 0.0, 0.0, 0.0, 0.0, 1.0, 1.0, 0.0)": {"S": -0.6, "E": -0.6, "W": -0.6, "NE": 0.10174575000000002, "SW": 9.368923929144355}, "(0.0, 0.0, 0.0, 0.0, 0.0, 1.0, 0.0, 0.0, 0.0, 0.0, 0.0, 1.0, 1.0, 1.0, 0.0, 0.0, 1.0)": {"N": 65.79615872375678, "S": 11.523646356346264, "NW": 6.03206167384353, "SE": 8.202809975984891}, "(0.0, 0.0, 0.0, 0.0, 0.0, 1.0, 0.0, 0.0, 0.0, 0.0, 1.0, 0.0, 0.0, 0.0, 0.0, 0.0, 0.0)": {"N": 68.62284456239608, "E": 62.13456372875008, "W": 80.40184968780024, "NE": 90.27628391215993, "NW": 69.75459512982302, "SE": 60.94998956680429, "SW": 62.49298212671284}, "(0.0, 0.0, 0.0, 1.0, 0.0, 0.0, 0.0, 0.0, 0.0, 1.0, 0.0, 0.0, 0.0, 1.0, 1.0, 0.0, 0.0)": {"S": 52.00692417888918, "E": 55.70207789289275, "W": 55.94300630597638, "SE": 76.14487736666646, "SW": 52.44804636973638}, "(0.0, 0.0, 0.0, 1.0, 0.0, 0.0, 0.0, 0.0, 0.0, 1.0, 0.0, 0.0, 0.0, 1.0, 1.0, 1.0, 0.0)": {"S": 64.68585888870734, "E": 93.42115460825116, "W": 72.7962986978278, "SW": 82.9060970479175}, "(0.0, 0.0, 0.0, 1.0, 0.0, 0.0, 0.0, 0.0, 0.0, 1.0, 0.0, 0.0, 1.0, 1.0, 1.0, 0.0, 0.0)": {"S": -0.6, "E": 68.31315131119004, "SE": -0.6, "SW": -0.52305}, "(0.0, 0.0, 0.0, 0.0, 0.0, 1.0, 0.0, 0.0, 0.0, 0.0, 0.0, 0.0, 0.0, 0.0, 0.0, 1.0, 0.0)": {"N": 53.094098075688194, "S": 56.66071323544842, "E": 86.08187989292765, "W": 35.32224754161591, "NE": 71.5191321308488, "NW": 41.711799741874785, "SW": 47.11263139671556}, "(0.0, 0.0, 0.0, 0.0, 0.0, 1.0, 0.0, 0.0, 0.0, 0.0, 0.0, 0.0, 0.0, 0.0, 1.0, 0.0, 0.0)": {"N": -0.65796571125, "S": 21.99707834046059, "E": 25.17203224772324, "W": 19.83090501180306, "NE": -0.3, "SE": 61.55176073828856, "SW": 11.769331374034572}, "(0.0, 0.0, 0.0, 0.0, 0.0, 1.0, 0.0, 0.0, 0.0, 0.0, 0.0, 0.0, 1.0, 1.0, 1.0, 0.0, 0.0)": {"N": -0.3, "S": 63.277278427208564, "E": 17.09706980692741, "SE": 18.487771463336813, "SW": 28.587038864333227}, "(0.0, 0.0, 0.0, 0.0, 0.0, 0.0, 1.0, 0.0, 0.0, 0.0, 1.0, 1.0, 0.0, 1.0, 1.0, 1.0, 0.0)": {"N": 0.13695000000000002, "W": 2.730143319806141, "SW": -1.0446579862499998}, "(0.0, 0.0, 0.0, 0.0, 0.0, 0.0, 1.0, 0.0, 0.0, 0.0, 0.0, 1.0, 1.0, 1.0, 1.0, 1.0, 0.0)": {"N": 2.4873907500000003, "S": -0.6, "SW": 0.0}, "(0.0, 0.0, 0.0, 0.0, 0.0, 0.0, 1.0, 0.0, 0.0, 0.0, 0.0, 1.0, 1.0, 1.0, 0.0, 1.0, 1.0)": {"N": 0.0, "S": 0.0, "NW": 15.17418}, "(0.0, 0.0, 0.0, 0.0, 1.0, 0.0, 0.0, 0.0, 0.0, 1.0, 1.0, 0.0, 0.0, 1.0, 1.0, 0.0, 1.0)": {"E": 0.0, "W": 53.463300000000004, "SE": 0.0}, "(1.0, 0.0, 0.0, 0.0, 0.0, 0.0, 0.0, 0.0, 0.0, 1.0, 1.0, 0.0, 0.0, 1.0, 1.0, 1.0, 0.0)": {"E": 0.0, "W": 0.0, "SW": 0.0}, "(0.0, 0.0, 0.0, 0.0, 0.0, 1.0, 0.0, 0.0, 0.0, 1.0, 0.0, 0.0, 1.0, 1.0, 0.0, 1.0, 0.0)": {"S": 4.415962989295178, "E": -0.3, "NW": 0.16832625, "SW": 19.73527566961007}, "(0.0, 0.0, 0.0, 0.0, 0.0, 1.0, 0.0, 0.0, 0.0, 1.0, 0.0, 0.0, 0.0, 0.0, 1.0, 1.0, 0.0)": {"S": 0.0, "E": 45.172757372654594, "W": -0.016619250000000002, "NE": 1.9520740357321582, "SW": -0.52305}, "(0.0, 0.0, 0.0, 0.0, 0.0, 1.0, 0.0, 0.0, 0.0, 0.0, 0.0, 1.0, 1.0, 1.0, 0.0, 0.0, 0.0)": {"N": 62.653813009913605, "S": 59.94587675608264, "NW": 78.1743053568583, "SE": 63.984208491465736, "SW": 60.933537143568365}, "(0.0, 0.0, 0.0, 0.0, 0.0, 1.0, 0.0, 0.0, 0.0, 1.0, 0.0, 0.0, 0.0, 0.0, 0.0, 1.0, 0.0)": {"S": 46.410517190625114, "E": 59.92706552210989, "W": 59.500628437134836, "NE": 55.39635547265744, "NW": 73.79815063460795, "SW": 61.75809064733281}, "(0.0, 0.0, 0.0, 0.0, 0.0, 1.0, 0.0, 0.0, 0.0, 0.0, 0.0, 1.0, 0.0, 0.0, 0.0, 0.0, 1.0)": {"N": 30.8800687667273,