{"('NE', False, True, True, False, False, True, True, True)": {"N": 13.939726769778032, "S": 0.0, "E": 0.0, "W": 1.631996006366096, "NE": 0.0, "NW": 0.0, "SE": 0.0, "SW": 0.0}, "('NE', True, True, False, True, False, True, True, True)": {"N": 0.0, "S": 0.0, "E": 0.0, "W": 0.0, "NE": 1.4556699526874999, "NW": 0.0, "SE": 0.0, "SW": 0.0}, "('NE', False, False, False, True, False, True, True, False)": {"N": 14.233505101372513, "S": 0.504224574943728, "E": 0.3, "W": 0.0, "NE": 0.0, "NW": 0.0, "SE": 0.0, "SW": -0.023686304812500034}, "('NE', False, True, False, False, False, False, False, False)": {"N": 0.0, "S": 0.0, "E": 0.0, "W": -0.3, "NE": 0.0, "NW": -0.3, "SE": 0.0, "SW": -0.3}, "('NE', False, False, False, True, False, False, False, True)": {"N": 14.295243301617825, "S": 0.0, "E": 0.0, "W": 0.0, "NE": 0.5526717375, "NW": 0.8805556307702052, "SE": 0.0012518776874999651, "SW": 0.0}, "('NE', False, False, False, False, False, True, False, True)": {"N": 14.12017140520789, "S": -0.04732826250000004, "E": 0.0, "W": -0.04732826250000004, "NE": 0.5526717375, "NW": 0.0, "SE": 4.569136575636668, "SW": 0.0}, "('NE', False, False, False, True, True, True, False, False)": {"N": 4.031673265586994, "S": 1.9671356502496185, "E": 13.56205469106851, "W": 0.0, "NE": 0.0, "NW": 0.0, "SE": 0.0, "SW": 0.0}, "('NE', True, False, True, False, False, False, False, False)": {"N": 0.0, "S": -0.13028250000000002, "E": 0.0, "W": 1.4935648585551151, "NE": 13.753744512641946, "NW": -0.13028250000000002, "SE": 0.0, "SW": 0.0}, "('NE', True, True, True, True, False, True, True, False)": {"N": 0.0, "S": 0.0, "E": 0.0, "W": 0.0, "NE": 13.658623870702483, "NW": 0.0, "SE": 0.0, "SW": -0.05681608856250003}, "('NE', False, True, True, True, True, True, True, False)": {"N": 13.658623870702483, "S": 0.0, "E": 0.0, "W": 0.0, "NE": 0.0, "NW": 0.0, "SE": 0.0, "SW": 1.0576282098704113}, "('NE', False, False, True, True, False, True, True, True)": {"N": 13.658623870702483, "S": 0.4249101310892227, "E": 0.0, "W": 0.0, "NE": 2.3454966162441835, "NW": 0.0, "SE": 0.0, "SW": 0.0}, "('NE', False, False, False, True, False, False, True, True)": {"N": 17.75467381777839, "S": 3.7666546902872327, "E": 7.13473907792909, "W": 0.0, "NE": 3.790197809196966, "NW": 5.0078914932491925, "SE": 0.0, "SW": 0.0}, "('NE', False, True, False, False, True, False, False, False)": {"N": 13.658623870702483, "S": 0.0, "E": 0.0, "W": 1.0561699422835114, "NE": 0.0, "NW": -0.09513406348406253, "SE": 2.1525416018110155, "SW": 1.4567307804182617}, "('NE', True, False, False, False, False, False, False, True)": {"N": 0.0, "S": 0.21673689558959278, "E": 1.7537909188997418, "W": 0.0, "NE": 13.492381753611966, "NW": 0.0, "SE": 0.5822837551945721, "SW": 0.0}, "('NE', False, False, False, False, False, True, False, False)": {"N": 0.0, "S": 0.0, "E": 0.0, "W": 0.0, "NE": 0.8865675, "NW": 0.0, "SE": -0.3, "SW": -0.3}, "('E', True, False, False, False, True, True, False, True)": {"N": 0.0, "S": 0.0, "E": 19.280549853868095, "W": -0.008066900477812583, "NE": 0.0, "NW": 0.0, "SE": -0.20381608856250005, "SW": 0.0}, "('E', True, True, False, False, True, True, False, False)": {"N": 0.0, "S": 0.0, "E": 1.7338349033971874, "W": 0.0, "NE": 0.0, "NW": 0.0, "SE": -0.3, "SW": 0.0}, "('E', True, False, True, False, True, True, False, False)": {"N": 0.0, "S": -0.9999999999965545, "E": 0.0, "W": -0.9999999999965545, "NE": 0.0, "NW": 0.0, "SE": -0.9999999999975882, "SW": -0.9999999999965545}, "('E', True, False, False, True, True, True, False, False)": {"N": 0.0, "S": -0.3, "E": 13.160846346976523, "W": 0.0, "NE": 0.0, "NW": 0.0, "SE": -0.3, "SW": -0.3}, "('NE', False, True, True, False, False, False, True, False)": {"N": 0.8865675, "S": 0.0, "E": 0.0, "W": 0.0, "NE": 0.0, "NW": -0.3, "SE": 0.0, "SW": -0.3}, "('NE', False, True, True, False, False, False, False, True)": {"N": 0.3, "S": 0.0, "E": 0.0, "W": -0.3, "NE": 0.0, "NW": 0.0, "SE": -0.3, "SW": 0.0}, "('NE', False, True, False, True, False, True, True, True)": {"N": 0.0, "S": 0.0, "E": 0.0, "W": 0.0, "NE": 0.5954999999999999, "NW": 0.0, "SE": 0.0, "SW": 0.0}, "('NE', False, False, False, False, False, False, True, False)": {"N": 0.0, "S": -0.3, "E": 3.567600223684721, "W": -0.3, "NE": 0.6343816614374999, "NW": 0.0, "SE": 0.0, "SW": -0.3}, "('NE', True, False, False, True, True, False, False, False)": {"N": 0.0, "S": 0.0, "E": 14.944932361791423, "W": 0.0, "NE": 0.0, "NW": -0.21450000000000002, "SE": 2.99153691580907, "SW": -0.21450000000000002}, "('N', True, False, True, False, True, True, True, False)": {"N": 0.0, "S": -0.999999999999992, "E": 0.0, "W": -0.999999999999992, "NE": 0.0, "NW": 0.0, "SE": 0.0, "SW": -0.9999999999999886}, "('NE', True, False, False, False, False, True, False, False)": {"N": 0.0, "S": 0.0, "E": 1.1732689875, "W": 0.0, "NE": 0.0, "NW": 0.0, "SE": 0.0, "SW": 0.0}, "('NE', False, False, False, False, False, True, True, False)": {"N": 4.492479802474574, "S": 2.1268510950559363, "E": 2.432220538359838, "W": -0.04405480253180166, "NE": 15.24148006627267, "NW": 0.0, "SE": 0.0, "SW": -0.04732826250000004}, "('NE', False, True, True, False, False, False, False, False)": {"N": 2.543544319611308, "S": 0.0, "E": 0.0, "W": -0.21450000000000002, "NE": 0.0, "NW": 0.0, "SE": 0.0, "SW": -0.21450000000000002}, "('N', False, True, True, False, True, False, True, False)": {"N": 45.35463713047622, "S": 0.0, "E": 0.0, "W": 24.69955418704812, "NE": 0.0, "NW": -0.3, "SE": 0.0, "SW": 26.969977817145423}, "('NE', False, False, True, False, False, False, False, False)": {"N": 2.277709969148536, "S": 0.0, "E": 0.0, "W": -0.3, "NE": 0.0, "NW": 0.11486593651593743, "SE": 0.0, "SW": 0.19414294746819838}, "('NE', False, False, False, True, False, False, False, False)": {"N": 0.0, "S": 0.0, "E": 0.5954999999999999, "W": 0.0, "NE": 0.0, "NW": 0.0, "SE": 0.0, "SW": 0.0}, "('E', True, False, False, False, True, True, False, False)": {"N": 0.0, "S": 0.0, "E": 1336.4482146995301, "W": 0.0, "NE": 0.0, "NW": 0.0, "SE": 0.0, "SW": -0.3}, "('NE', False, False, False, False, True, False, False, False)": {"N": 0.0, "S": -0.3, "E": 0.3, "W": -0.3, "NE": 0.0, "NW": 0.0, "SE": 0.0, "SW": 0.0}, "('NE', False, False, False, False, False, False, False, False)": {"N": 0.0, "S": -0.3, "E": 1.7338349033971874, "W": 0.0, "NE": 0.0, "NW": 0.0, "SE": 0.0, "SW": -0.3}, "('NE', True, True, False, True, False, True, False, True)": {"N": 0.0, "S": 0.0, "E": 1.7338349033971874, "W": 0.0, "NE": 0.0, "NW": 0.0, "SE": 0.11486593651593743, "SW": 0.0}, "('NE', False, False, True, True, True, False, False, True)": {"N": 0.8865675, "S": 0.0, "E": 0.0, "W": 0.0, "NE": 0.0, "NW": -0.3, "SE": -0.34028250000000004, "SW": 0.0}, "('NE', False, False, True, False, True, True, True, True)": {"N": 1.1732689875, "S": -0.3, "E": 0.0, "W": -0.3, "NE": 0.0, "NW": 0.0, "SE": 0.0, "SW": 0.0}, "('NE', False, False, True, True, False, True, True, False)": {"N": 1.1732689875, "S": -0.3, "E": 0.0, "W": 0.0, "NE": 0.0, "NW": 0.0, "SE": 0.0, "SW": -0.3}, "('NE', False, False, False, True, False, True, True, True)": {"N": 0.0, "S": -0.4245, "E": 0.0, "W": 0.0, "NE": 0.5954999999999999, "NW": 0.0, "SE": 0.0, "SW": 0.0}, "('E', True, False, False, False, True, True, True, False)": {"N": 0.0, "S": -0.3, "E": 0.5954999999999999, "W": 0.0, "NE": 0.0, "NW": 0.0, "SE": 0.0, "SW": 0.0}, "('NE', True, False, False, False, False, True, True, False)": {"N": 0.0, "S": -0.3, "E": 1.1732689875, "W": 0.0, "NE": 0.0, "NW": 0.0, "SE": 0.0, "SW": 0.0}, "('NE', False, True, False, False, False, True, False, False)": {"N": 0.0, "S": 0.0, "E": 0.5954999999999999, "W": 0.0, "NE": 0.0, "NW": 0.0, "SE": -0.3, "SW": -0.3}, "('NE', False, False, False, False, False, False, False, True)": {"N": 0.0, "S": 0.0, "E": 0.8865675, "W": 0.0, "NE": 0.0, "NW": 0.0, "SE": -0.3, "SW": 0.0}, "('NE', True, False, False, False, False, False, True, False)": {"N": 0.0, "S": 0.0, "E": 0.0, "W": 0.0, "NE": 0.0, "NW": -0.3, "SE": 0.0, "SW": 0.0}}