{"('NE', False, True, False, False, False, True, True, True)": {"N": 14.056538536290564, "S": 0.0, "E": 0.0, "W": 0.8759298669032912, "NE": 4.085088466779422, "NW": 0.0, "SE": 0.0, "SW": 0.0}, "('NE', False, False, False, False, True, False, False, False)": {"N": 1.722763786722355, "S": 0.0, "E": 13.464014914790367, "W": -0.3, "NE": 0.0, "NW": 0.0, "SE": 0.0, "SW": -0.3}, "('NE', False, False, False, True, False, True, False, False)": {"N": 13.847438344952316, "S": 0.4249101310892227, "E": 0.0, "W": 0.0, "NE": 0.0, "NW": 0.0, "SE": 0.43544778045700044, "SW": 2.8024803505479334}, "('NE', False, True, False, False, False, False, True, True)": {"N": 0.0, "S": 0.0, "E": 0.0, "W": 0.0, "NE": 0.3, "NW": -0.21450000000000002, "SE": 0.0, "SW": 0.0}, "('NE', True, False, False, False, False, False, False, False)": {"N": 0.0, "S": 63.773080176551645, "E": 0.0, "W": 63.773080176551645, "NE": 1387.7169417102334, "NW": 33.181442586472635, "SE": 0.0, "SW": 0.0}, "('NE', True, False, False, True, False, True, True, False)": {"N": 0.0, "S": 0.0, "E": 0.8865675, "W": 0.0, "NE": 0.0, "NW": 0.0, "SE": 0.0, "SW": 0.0}, "('NE', False, True, False, False, False, True, True, False)": {"N": 0.0, "S": 0.0, "E": 2.0078273798462294, "W": 0.0, "NE": 0.0, "NW": 0.0, "SE": 0.0, "SW": -0.3}, "('NE', False, False, True, False, False, True, False, False)": {"N": 0.0, "S": 0.0, "E": 0.0, "W": -0.3, "NE": 0.0, "NW": 0.0, "SE": 0.0, "SW": 0.0}, "('NE', False, False, True, False, True, False, False, False)": {"N": 0.8865675, "S": 0.0, "E": 0.0, "W": 0.0, "NE": 0.0, "NW": 0.0, "SE": 0.0, "SW": 0.0}, "('NE', False, False, True, False, True, True, True, False)": {"N": 14.030630868231361, "S": 0.5067660637501454, "E": 0.0, "W": -0.51, "NE": 0.0, "NW": 0.0, "SE": 0.0, "SW": -0.51}, "('NE', False, False, False, True, False, False, False, True)": {"N": 0.0, "S": 0.0, "E": 0.0, "W": 0.0, "NE": 14.208368834129772, "NW": -0.04732826250000004, "SE": 0.11486593651593743, "SW": 0.0}, "('NE', True, False, False, False, False, False, False, True)": {"N": 0.0, "S": -0.657, "E": 0.3, "W": -0.3, "NE": 0.0, "NW": 0.0, "SE": 0.0, "SW": 0.0}, "('NE', False, True, False, False, True, True, False, False)": {"N": 0.3, "S": 0.0, "E": 0.0, "W": 0.0, "NE": 0.0, "NW": 0.0, "SE": -0.3, "SW": 0.0}, "('NE', True, False, True, True, False, True, True, False)": {"N": 0.0, "S": -0.3, "E": 0.0, "W": 0.0, "NE": 13.939726769778032, "NW": 0.0, "SE": 0.0, "SW": -0.015857052531801585}, "('NE', True, True, False, True, False, True, False, False)": {"N": 0.0, "S": 0.0, "E": 1.9783709369306206, "W": 0.0, "NE": 13.658623870702483, "NW": 0.0, "SE": -0.10364889487500009, "SW": 0.0012518776874999651}, "('NE', False, False, False, True, False, False, False, False)": {"N": 0.6343816614374999, "S": -0.3, "E": 0.0, "W": 0.0, "NE": 13.847438344952316, "NW": 0.0, "SE": -0.3, "SW": -0.657}, "('NE', False, False, False, False, False, True, True, True)": {"N": 0.3, "S": 0.0, "E": 0.9695217374999999, "W": 0.0, "NE": 0.49371948749999994, "NW": 0.0, "SE": 0.0, "SW": 0.0}, "('NE', False, True, False, False, True, False, False, False)": {"N": 0.8865675, "S": 0.0, "E": 0.0, "W": -0.3, "NE": 0.0, "NW": -0.51, "SE": 0.0, "SW": 0.0}, "('NE', False, False, False, False, False, False, True, False)": {"N": 0.0, "S": 0.6354365423506232, "E": 0.8722308032561753, "W": 0.8562093542019847, "NE": 13.160846346976523, "NW": -0.21450000000000002, "SE": 0.0, "SW": -0.3}, "('NE', False, False, False, False, False, True, False, False)": {"N": 0.0, "S": 0.0, "E": 0.5954999999999999, "W": -0.3, "NE": 0.0, "NW": 0.0, "SE": -0.3, "SW": -0.3}, "('E', True, False, False, True, True, True, False, False)": {"N": 0.0, "S": -0.3, "E": 0.3, "W": 0.0, "NE": 0.0, "NW": 0.0, "SE": -0.3, "SW": -0.3}, "('NE', False, False, False, False, False, False, False, False)": {"N": 0.0, "S": 0.0, "E": 0.3, "W": -0.3, "NE": 0.0, "NW": 0.0, "SE": -0.3, "SW": -0.3}, "('NE', False, True, False, False, False, False, False, True)": {"N": 2.543544319611308, "S": 0.0, "E": 0.6343816614374999, "W": -0.09513406348406253, "NE": 0.0, "NW": 0.0, "SE": 0.03438166143749999, "SW": 0.0}, "('NE', False, False, False, False, True, True, False, False)": {"N": 0.0, "S": 0.0, "E": 3.063310287494881, "W": -0.34028250000000004, "NE": 0.0, "NW": 0.0, "SE": -0.04732826250000004, "SW": 0.0}, "('NE', True, False, False, True, False, False, False, False)": {"N": 0.0, "S": -0.3, "E": 0.0, "W": 0.0, "NE": 0.0, "NW": 0.0, "SE": -0.3, "SW": 0.0}, "('NE', True, False, True, False, True, False, True, False)": {"N": 0.0, "S": -0.51, "E": 0.0, "W": -0.657, "NE": 0.0, "NW": -0.657, "SE": 0.0, "SW": -0.657}, "('NE', False, False, True, False, True, False, False, True)": {"N": 0.3, "S": 0.0, "E": 0.0, "W": -0.4245, "NE": 0.0, "NW": -0.21450000000000002, "SE": 0.0, "SW": 0.0}, "('NE', False, False, True, True, False, False, False, False)": {"N": 0.0, "S": -0.3, "E": 0.0, "W": 0.0, "NE": 0.5954999999999999, "NW": 0.0, "SE": 0.0, "SW": 0.0}, "('NE', False, False, False, True, True, False, True, False)": {"N": 0.0, "S": -0.3, "E": 0.0, "W": 0.0, "NE": 0.0, "NW": -0.3, "SE": 0.0, "SW": 0.0}, "('NE', False, True, True, False, False, True, True, True)": {"N": 0.0, "S": 0.0, "E": 0.0, "W": 0.0, "NE": 0.5954999999999999, "NW": 0.0, "SE": 0.0, "SW": 0.0}, "('N', True, True, True, False, True, False, True, False)": {"N": 0.0, "S": 0.0, "E": 0.0, "W": -0.3, "NE": 0.0, "NW": 0.0, "SE": 0.0, "SW": -0.3}, "('N', False, True, True, False, True, False, True, True)": {"N": 0.3, "S": 0.0, "E": 0.0, "W": 0.0, "NE": 0.0, "NW": -0.3, "SE": 0.0, "SW": 0.0}, "('N', False, False, True, False, True, False, True, False)": {"N": 0.3, "S": -0.3, "E": 0.0, "W": -0.3, "NE": 0.0, "NW": -0.3, "SE": 0.0, "SW": -0.3}, "('NE', False, False, False, False, False, False, False, True)": {"N": 3.063310287494881, "S": 0.0, "E": 0.0, "W": 0.0, "NE": 0.0, "NW": 0.0, "SE": 0.0, "SW": 0.0}, "('NE', False, True, True, True, False, False, False, True)": {"N": 0.0, "S": 0.0, "E": 0.0, "W": 0.0, "NE": 0.5954999999999999, "NW": -0.3, "SE": 0.0, "SW": 0.0}, "('NE', False, False, True, False, False, False, False, False)": {"N": 0.0, "S": 0.0, "E": 0.0, "W": 0.0, "NE": 1.1732689875, "NW": 0.0, "SE": -0.3, "SW": -0.3}, "('NE', True, False, False, False, False, False, True, True)": {"N": 0.0, "S": 0.0, "E": 0.0, "W": 0.0, "NE": 0.3, "NW": 0.0, "SE": 0.0, "SW": 0.0}, "('NE', False, True, False, False, False, False, False, False)": {"N": 0.0, "S": 0.0, "E": 1.7338349033971874, "W": 0.0, "NE": 0.0, "NW": 0.0, "SE": 0.0, "SW": 0.0}, "('E', True, False, True, False, True, True, False, False)": {"N": 0.0, "S": -0.3, "E": 0.0, "W": -0.51, "NE": 0.0, "NW": 0.0, "SE": -0.3, "SW": -0.3}, "('E', True, False, False, False, True, True, False, False)": {"N": 0.0, "S": 0.0, "E": 0.8865675, "W": 0.0, "NE": 0.0, "NW": 0.0, "SE": 0.0, "SW": 0.0}, "('NE', False, False, True, True, True, False, False, False)": {"N": 0.0, "S": 0.0, "E": 0.0, "W": 0.0, "NE": 0.0, "NW": -0.3, "SE": 0.0, "SW": 0.0}, "('NE', False, True, False, True, False, True, False, True)": {"N": 0.5954999999999999, "S": 0.0, "E": 0.0, "W": 0.0, "NE": 0.0, "NW": 0.0, "SE": 0.0, "SW": 0.0}, "('NE', False, False, False, True, True, True, False, True)": {"N": 0.0, "S": 0.0, "E": 1.1732689875, "W": 0.0, "NE": 0.0, "NW": 0.0, "SE": 0.0, "SW": 0.0}, "('NE', True, False, True, False, False, False, True, False)": {"N": 0.0, "S": -0.3, "E": 0.0, "W": -0.3, "NE": 0.3, "NW": -0.3, "SE": 0.0, "SW": -0.3}, "('NE', True, False, True, True, False, True, False, True)": {"N": 0.0, "S": 0.0, "E": 0.0, "W": 0.0, "NE": 0.3, "NW": 0.0, "SE": -0.21450000000000002, "SW": 0.0}, "('NE', False, True, False, True, True, True, False, False)": {"N": 0.0, "S": 0.0, "E": 0.0, "W": 0.0, "NE": 0.0, "NW": 0.0, "SE": 0.0, "SW": -0.3}, "('NE', False, False, True, False, True, False, True, True)": {"N": 0.0, "S": 0.0, "E": 0.0, "W": 0.0, "NE": 0.0, "NW": -0.3, "SE": 0.0, "SW": 0.0}, "('NE', False, True, False, True, False, False, True, False)": {"N": 0.3, "S": 0.0,