{"('NE', False, True, False, True, False, True, False, True)": {"N": 0.0, "S": 0.0, "E": 14.160828700138918, "W": 0.0, "NE": -0.03404999999999997, "NW": 0.0, "SE": 0.0, "SW": 0.0}, "('NE', False, False, False, True, False, True, False, True)": {"N": 0.21714446212500005, "S": -0.03, "E": 0.7164746253389895, "W": 0.0, "NE": 13.977220175639482, "NW": 0.0, "SE": 3.1670033147616943, "SW": 0.0}, "('NE', False, False, False, False, True, False, True, False)": {"N": -0.03404999999999997, "S": -0.6, "E": 0.5593940317875, "W": -0.6, "NE": 0.0, "NW": 0.0, "SE": 0.0, "SW": -0.621}, "('NE', False, False, True, False, False, False, False, False)": {"N": 0.8303976070865995, "S": -0.44999999999999996, "E": 0.0, "W": 0.32237934286434367, "NE": 13.844848497569469, "NW": -1.02, "SE": 0.32237934286434367, "SW": -0.03}, "('NE', True, False, False, True, True, True, False, True)": {"N": 0.0, "S": -0.6, "E": -0.323835, "W": 0.0, "NE": 0.0